dataset,setting,method,model_seed,stream_seed,alpha,delta,epsilon,outage_rate,budget,n_windows,acc,fidelity_risk,violation_rate,cost_scalar,energy_mJ,latency_ms,usd,esc_cloud,n_reselect,final_debt
har,iid,device_only,0,0,0.05,0.1,0.0,0.0,-1.0,10,0.8666,0.1334,1.0,4.2704397499077656e-05,4.032e-06,0.01344,0.0,0.0,0,0.0
har,iid,cloud_only,0,0,0.05,0.1,0.0,0.0,-1.0,10,0.9754,0.0,0.0,1.0,0.6918904319999999,67.55357312000001,0.0002,1.0,0,0.0
har,iid,fixed_conf,0,0,0.05,0.1,0.0,0.0,-1.0,10,0.9694,0.0312,0.0,0.5678137248941948,0.6912512640000001,23.061312000000008,0.0,0.0,0,0.0
har,iid,entropy,0,0,0.05,0.1,0.0,0.0,-1.0,10,0.9574,0.0292,0.0,0.2700311742101743,0.18681336,18.249275942400008,5.4e-05,0.27,0,0.0
har,iid,learned_router,0,0,0.05,0.1,0.0,0.0,-1.0,10,0.9694,0.0312,0.0,0.5678137248941948,0.6912512640000001,23.061312000000008,0.0,0.0,0,0.0
har,iid,cost_static,0,0,0.05,0.1,0.0,0.0,-1.0,10,0.964,0.0322,0.0,0.2004049010940961,0.2349008351231999,8.610373796864002,3.44e-06,0.0172,0,0.0
har,iid,offline_crc,0,0,0.05,0.1,0.0,0.0,-1.0,10,0.9648,0.0262,0.0,0.2131111775822068,0.2349196266624,9.918446273792002,9.32e-06,0.0465999999999999,0,0.0
har,iid,online_naive,0,0,0.05,0.1,0.1,0.0,-1.0,10,0.9722,0.015,0.0,0.5414970584260136,0.483261591168,31.015301976576,6.696000000000001e-05,0.2688,9,0.0
har,iid,online_ipw,0,0,0.05,0.1,0.1,0.0,-1.0,10,0.9768,0.0078,0.0,0.7084423058246492,0.6355362309504,40.406192719616,8.636000000000002e-05,0.3669999999999999,9,0.0
har,iid,codec,0,0,0.05,0.1,0.1,0.0,-1.0,10,0.9656,0.0184,0.0,0.5473359754794136,0.4465405450367999,33.499809763584004,8.364000000000002e-05,0.3522,9,0.0
har,iid,codec_no_explore,0,0,0.05,0.1,0.0,0.0,-1.0,10,0.9656,0.0252,0.0,0.3607727143018587,0.3268241279615999,20.418309734656003,4.276000000000002e-05,0.2138,1,0.0
har,iid,codec_no_aci,0,0,0.05,0.1,0.1,0.0,-1.0,10,0.9718,0.0134,0.0,0.5750973401457542,0.5016761239295999,33.532644147712006,7.552000000000001e-05,0.3092,9,0.0
har,iid,codec_bonferroni,0,0,0.05,0.1,0.1,0.0,-1.0,10,0.9727999999999998,0.0128,0.0,0.5020361458850965,0.430594176768,29.65058602803201,6.872000000000002e-05,0.2722,8,0.0
har,iid,codec_rawconf,0,0,0.05,0.1,0.1,0.0,-1.0,10,0.973,0.0194,0.0,0.7298835780588717,0.691490952,39.74590992,7.500000000000001e-05,0.305,9,0.0
har,iid,codec_two_tier,0,0,0.05,0.1,0.1,0.0,-1.0,10,0.9608,0.0194,0.0,0.5310200283624271,0.3673957104,35.877250686720004,0.0001062,0.4759999999999998,9,0.0
har,iid,device_only,0,1,0.05,0.1,0.0,0.0,-1.0,10,0.8666,0.1334,1.0,4.2704397499077656e-05,4.032e-06,0.01344,0.0,0.0,0,0.0
har,iid,cloud_only,0,1,0.05,0.1,0.0,0.0,-1.0,10,0.9754,0.0,0.0,1.0,0.6918904319999999,67.55357312000001,0.0002,1.0,0,0.0
har,iid,fixed_conf,0,1,0.05,0.1,0.0,0.0,-1.0,10,0.9694,0.0312,0.0,0.5678137248941948,0.6912512640000001,23.061312000000008,0.0,0.0,0,0.0
har,iid,entropy,0,1,0.05,0.1,0.0,0.0,-1.0,10,0.9574,0.0292,0.0,0.2700311742101743,0.18681336,18.249275942400008,5.4e-05,0.27,0,0.0
har,iid,learned_router,0,1,0.05,0.1,0.0,0.0,-1.0,10,0.9694,0.0312,0.0,0.5678137248941948,0.6912512640000001,23.061312000000008,0.0,0.0,0,0.0
har,iid,cost_static,0,1,0.05,0.1,0.0,0.0,-1.0,10,0.964,0.0322,0.0,0.2004049010940961,0.2349008351231999,8.610373796864002,3.44e-06,0.0172,0,0.0
har,iid,offline_crc,0,1,0.05,0.1,0.0,0.0,-1.0,10,0.9648,0.0262,0.0,0.2131111775822068,0.2349196266624,9.918446273792002,9.32e-06,0.0465999999999999,0,0.0
har,iid,online_naive,0,1,0.05,0.1,0.1,0.0,-1.0,10,0.9654,0.0222,0.0,0.5062241088009086,0.4321192670208,30.003838722048005,7.008e-05,0.2821999999999999,9,0.0
har,iid,online_ipw,0,1,0.05,0.1,0.1,0.0,-1.0,10,0.978,0.0036,0.0,0.7346514231397109,0.6387508667904,42.94149038796801,9.728000000000002e-05,0.425,9,0.0
har,iid,codec,0,1,0.05,0.1,0.1,0.0,-1.0,10,0.9644,0.024,0.1,0.4551635965989481,0.3925524411264,26.772333215488004,6.148000000000001e-05,0.2358,9,0.0
har,iid,codec_no_explore,0,1,0.05,0.1,0.0,0.0,-1.0,10,0.9656,0.0252,0.0,0.3607727143018587,0.3268241279615999,20.418309734656003,4.276000000000002e-05,0.2138,1,0.0
har,iid,codec_no_aci,0,1,0.05,0.1,0.1,0.0,-1.0,10,0.9678,0.0174,0.0,0.5072002872903717,0.4441338019967999,29.488331115776003,6.596000000000003e-05,0.2578,9,0.0
har,iid,codec_bonferroni,0,1,0.05,0.1,0.1,0.0,-1.0,10,0.9688,0.0164,0.0,0.4727171306861754,0.3943734609791999,28.487369796352,6.892000000000001e-05,0.2704,8,0.0
har,iid,codec_rawconf,0,1,0.05,0.1,0.1,0.0,-1.0,10,0.9506,0.0419999999999999,0.4,0.4484791261030955,0.3901951696896,26.204555578368,5.928000000000001e-05,0.2158,9,0.0
har,iid,codec_two_tier,0,1,0.05,0.1,0.1,0.0,-1.0,10,0.9672,0.0126,0.0,0.5544190290795257,0.3835858521599999,37.457689801728,0.00011088,0.5089999999999999,9,0.0
har,iid,device_only,0,2,0.05,0.1,0.0,0.0,-1.0,10,0.8666,0.1334,1.0,4.2704397499077656e-05,4.032e-06,0.01344,0.0,0.0,0,0.0
har,iid,cloud_only,0,2,0.05,0.1,0.0,0.0,-1.0,10,0.9754,0.0,0.0,1.0,0.6918904319999999,67.55357312000001,0.0002,1.0,0,0.0
har,iid,fixed_conf,0,2,0.05,0.1,0.0,0.0,-1.0,10,0.9694,0.0312,0.0,0.5678137248941948,0.6912512640000001,23.061312000000008,0.0,0.0,0,0.0
har,iid,entropy,0,2,0.05,0.1,0.0,0.0,-1.0,10,0.9574,0.0292,0.0,0.2700311742101743,0.18681336,18.249275942400008,5.4e-05,0.27,0,0.0
har,iid,learned_router,0,2,0.05,0.1,0.0,0.0,-1.0,10,0.9694,0.0312,0.0,0.5678137248941948,0.6912512640000001,23.061312000000008,0.0,0.0,0,0.0
har,iid,cost_static,0,2,0.05,0.1,0.0,0.0,-1.0,10,0.964,0.0322,0.0,0.2004049010940961,0.2349008351231999,8.610373796864002,3.44e-06,0.0172,0,0.0
har,iid,offline_crc,0,2,0.05,0.1,0.0,0.0,-1.0,10,0.9648,0.0262,0.0,0.2131111775822068,0.2349196266624,9.918446273792002,9.32e-06,0.0465999999999999,0,0.0
har,iid,online_naive,0,2,0.05,0.1,0.1,0.0,-1.0,10,0.9694,0.0186,0.0,0.5266587791310031,0.4574184043776,30.811797028352004,6.992000000000001e-05,0.2759999999999999,9,0.0
har,iid,online_ipw,0,2,0.05,0.1,0.1,0.0,-1.0,10,0.9784,0.0056,0.0,0.7271413963816856,0.6731220558336,40.405315192832,8.072000000000003e-05,0.3434,9,0.0
har,iid,codec,0,2,0.05,0.1,0.1,0.0,-1.0,10,0.9663999999999998,0.0184,0.0,0.4546823261881756,0.3777770078976,27.480399804928005,6.688000000000002e-05,0.2559999999999999,9,0.0
har,iid,codec_no_explore,0,2,0.05,0.1,0.0,0.0,-1.0,10,0.9656,0.0252,0.0,0.3607727143018587,0.3268241279615999,20.418309734656003,4.276000000000002e-05,0.2138,1,0.0
har,iid,codec_no_aci,0,2,0.05,0.1,0.1,0.0,-1.0,10,0.9608,0.0267999999999999,0.0,0.4704798715164956,0.4076259771264,27.577324200704005,6.284000000000001e-05,0.2484,9,0.0
har,iid,codec_bonferroni,0,2,0.05,0.1,0.1,0.0,-1.0,10,0.972,0.0132,0.0,0.5161388977347061,0.4482894667391999,30.196119290112,6.852000000000001e-05,0.2688,8,0.0
har,iid,codec_rawconf,0,2,0.05,0.1,0.1,0.0,-1.0,10,0.9744,0.0152,0.0,0.8067262977726839,0.6916045960704,47.65663394713601,0.00011056,0.5045999999999999,9,0.0
har,iid,codec_two_tier,0,2,0.05,0.1,0.1,0.0,-1.0,10,0.9608,0.0198,0.0,0.493821616966014,0.34165753632,33.364757734656,9.876e-05,0.4383999999999999,9,0.0
har,iid,device_only,0,3,0.05,0.1,0.0,0.0,-1.0,10,0.8666,0.1334,1.0,4.2704397499077656e-05,4.032e-06,0.01344,0.0,0.0,0,0.0
har,iid,cloud_only,0,3,0.05,0.1,0.0,0.0,-1.0,10,0.9754,0.0,0.0,1.0,0.6918904319999999,67.55357312000001,0.0002,1.0,0,0.0
har,iid,fixed_conf,0,3,0.05,0.1,0.0,0.0,-1.0,10,0.9694,0.0312,0.0,0.5678137248941948,0.6912512640000001,23.061312000000008,0.0,0.0,0,0.0
har,iid,entropy,0,3,0.05,0.1,0.0,0.0,-1.0,10,0.9574,0.0292,0.0,0.2700311742101743,0.18681336,18.249275942400008,5.4e-05,0.27,0,0.0
har,iid,learned_router,0,3,0.05,0.1,0.0,0.0,-1.0,10,0.9694,0.0312,0.0,0.5678137248941948,0.6912512640000001,23.061312000000008,0.0,0.0,0,0.0
har,iid,cost_static,0,3,0.05,0.1,0.0,0.0,-1.0,10,0.964,0.0322,0.0,0.2004049010940961,0.2349008351231999,8.610373796864002,3.44e-06,0.0172,0,0.0
har,iid,offline_crc,0,3,0.05,0.1,0.0,0.0,-1.0,10,0.9648,0.0262,0.0,0.2131111775822068,0.2349196266624,9.918446273792002,9.32e-06,0.0465999999999999,0,0.0
har,iid,online_naive,0,3,0.05,0.1,0.1,0.0,-1.0,10,0.9688,0.0188,0.0,0.5223267752417233,0.451198329792,30.684452250368007,7.028000000000001e-05,0.2837999999999999,9,0.0
har,iid,online_ipw,0,3,0.05,0.1,0.1,0.0,-1.0,10,0.9778,0.004,0.0,0.7172623706891522,0.6188414125055999,42.170930247680005,9.680000000000002e-05,0.4210000000000001,9,0.0
har,iid,codec,0,3,0.05,0.1,0.1,0.0,-1.0,10,0.961,0.0269999999999999,0.0,0.4836810244059452,0.411926027328,28.716847656192005,6.732000000000001e-05,0.2586,9,0.0
har,iid,codec_no_explore,0,3,0.05,0.1,0.0,0.0,-1.0,10,0.9656,0.0252,0.0,0.3607727143018587,0.3268241279615999,20.418309734656003,4.276000000000002e-05,0.2138,1,0.0
har,iid,codec_no_aci,0,3,0.05,0.1,0.1,0.0,-1.0,10,0.972,0.0107999999999999,0.0,0.633523679745515,0.537387561024,37.7206927424,8.900000000000002e-05,0.379,9,0.0
har,iid,codec_bonferroni,0,3,0.05,0.1,0.1,0.0,-1.0,10,0.9714,0.0102,0.0,0.5446326734449695,0.4508170738559999,33.002018009856,8.076e-05,0.3379999999999999,8,0.0
har,iid,codec_rawconf,0,3,0.05,0.1,0.1,0.0,-1.0,10,0.971,0.018,0.0,0.7375665426816422,0.6430357047936,43.02209802880001,9.700000000000004e-05,0.4286,9,0.0
har,iid,codec_two_tier,0,3,0.05,0.1,0.1,0.0,-1.0,10,0.965,0.0156,0.0,0.5160206689283896,0.3570174144,34.86414868992001,0.0001032,0.4612,9,0.0
har,iid,device_only,0,4,0.05,0.1,0.0,0.0,-1.0,10,0.8666,0.1334,1.0,4.2704397499077656e-05,4.032e-06,0.01344,0.0,0.0,0,0.0
har,iid,cloud_only,0,4,0.05,0.1,0.0,0.0,-1.0,10,0.9754,0.0,0.0,1.0,0.6918904319999999,67.55357312000001,0.0002,1.0,0,0.0
har,iid,fixed_conf,0,4,0.05,0.1,0.0,0.0,-1.0,10,0.9694,0.0312,0.0,0.5678137248941948,0.6912512640000001,23.061312000000008,0.0,0.0,0,0.0
har,iid,entropy,0,4,0.05,0.1,0.0,0.0,-1.0,10,0.9574,0.0292,0.0,0.2700311742101743,0.18681336,18.249275942400008,5.4e-05,0.27,0,0.0
har,iid,learned_router,0,4,0.05,0.1,0.0,0.0,-1.0,10,0.9694,0.0312,0.0,0.5678137248941948,0.6912512640000001,23.061312000000008,0.0,0.0,0,0.0
har,iid,cost_static,0,4,0.05,0.1,0.0,0.0,-1.0,10,0.964,0.0322,0.0,0.2004049010940961,0.2349008351231999,8.610373796864002,3.44e-06,0.0172,0,0.0
har,iid,offline_crc,0,4,0.05,0.1,0.0,0.0,-1.0,10,0.9648,0.0262,0.0,0.2131111775822068,0.2349196266624,9.918446273792002,9.32e-06,0.0465999999999999,0,0.0
har,iid,online_naive,0,4,0.05,0.1,0.1,0.0,-1.0,10,0.969,0.019,0.0,0.5248283692295505,0.4516162739711999,30.920742279168007,7.128000000000002e-05,0.2799999999999999,9,0.0
har,iid,online_ipw,0,4,0.05,0.1,0.1,0.0,-1.0,10,0.978,0.0036,0.0,0.7356089409081725,0.6546316564224,42.22580813260801,9.168000000000002e-05,0.3985999999999999,9,0.0
har,iid,codec,0,4,0.05,0.1,0.1,0.0,-1.0,10,0.9566,0.0314,0.0,0.4327324131752902,0.3632459873279999,25.964174034944005,6.224000000000001e-05,0.2281999999999999,9,0.0
har,iid,codec_no_explore,0,4,0.05,0.1,0.0,0.0,-1.0,10,0.9656,0.0252,0.0,0.3607727143018587,0.3268241279615999,20.418309734656003,4.276000000000002e-05,0.2138,1,0.0
har,iid,codec_no_aci,0,4,0.05,0.1,0.1,0.0,-1.0,10,0.9736,0.0135999999999999,0.0,0.6605748222959819,0.6104726857344,36.75994885043201,7.372000000000002e-05,0.3004,9,0.0
har,iid,codec_bonferroni,0,4,0.05,0.1,0.1,0.0,-1.0,10,0.9674,0.0169999999999999,0.0,0.4689478114096057,0.3892588706304,28.361307804672,6.912000000000002e-05,0.2702,8,0.0
har,iid,codec_rawconf,0,4,0.05,0.1,0.1,0.0,-1.0,10,0.9718,0.0194,0.0,0.7669651604629498,0.6915457926144,43.563345924096005,9.216000000000004e-05,0.4009999999999999,9,0.0
har,iid,codec_two_tier,0,4,0.05,0.1,0.1,0.0,-1.0,10,0.9626,0.0176,0.0,0.5216204297837636,0.36089197824,35.242373435392004,0.00010432,0.4691999999999999,9,0.0
har,iid,device_only,1,0,0.05,0.1,0.0,0.0,-1.0,10,0.876,0.1263999999999999,1.0,4.2704397499077656e-05,4.032e-06,0.01344,0.0,0.0,0,0.0
har,iid,cloud_only,1,0,0.05,0.1,0.0,0.0,-1.0,10,0.9672,0.0,0.0,1.0,0.6918904319999999,67.55357312000001,0.0002,1.0,0,0.0
har,iid,fixed_conf,1,0,0.05,0.1,0.0,0.0,-1.0,10,0.963,0.0411999999999999,0.1,0.5678137248941948,0.6912512640000001,23.061312000000008,0.0,0.0,0,0.0
har,iid,entropy,1,0,0.05,0.1,0.0,0.0,-1.0,10,0.9486,0.0538,0.6,0.141644796909375,0.1724010916608,5.761579276800001,0.0,0.0,0,0.0
har,iid,learned_router,1,0,0.05,0.1,0.0,0.0,-1.0,10,0.963,0.0411999999999999,0.1,0.5678137248941948,0.6912512640000001,23.061312000000008,0.0,0.0,0,0.0
har,iid,cost_static,1,0,0.05,0.1,0.0,0.0,-1.0,10,0.9462,0.0516,0.6,0.1352366456667937,0.1569264855168,5.894893956352002,2.92e-06,0.0145999999999999,0,0.0
har,iid,offline_crc,1,0,0.05,0.1,0.0,0.0,-1.0,10,0.9464,0.0409999999999999,0.1,0.1560680241268936,0.1569572934144,8.039420942336003,1.2559999999999998e-05,0.0628,0,0.0
har,iid,online_naive,1,0,0.05,0.1,0.1,0.0,-1.0,10,0.9678,0.023,0.0,0.6645863508173527,0.6498318485375999,35.15498522496,6.060000000000002e-05,0.2259999999999999,9,0.0
har,iid,online_ipw,1,0,0.05,0.1,0.1,0.0,-1.0,10,0.968,0.002,0.0,0.7151694692664547,0.5663673438336,44.64605678208001,0.0001158,0.534,9,0.0
har,iid,codec,1,0,0.05,0.1,0.1,0.0,-1.0,10,0.9682,0.0162,0.0,0.681575578736428,0.6342537636864,37.70406933504001,7.440000000000002e-05,0.3019999999999999,9,0.0
har,iid,codec_no_explore,1,0,0.05,0.1,0.0,0.0,-1.0,10,0.9606,0.0145999999999999,0.0,0.4470760694877739,0.3284706601343999,29.225092041472003,8.212e-05,0.4105999999999999,1,0.0
har,iid,codec_no_aci,1,0,0.05,0.1,0.1,0.0,-1.0,10,0.9674,0.0102,0.0,0.7165012211407091,0.6550176422016,40.237485105408005,8.268000000000001e-05,0.3446,9,0.0
har,iid,codec_bonferroni,1,0,0.05,0.1,0.1,0.0,-1.0,10,0.9656,0.012,0.0,0.5301044116061313,0.4560426850944,31.237319252224005,7.204000000000002e-05,0.2904,8,0.0
har,iid,codec_rawconf,1,0,0.05,0.1,0.1,0.0,-1.0,10,0.9652,0.0152,0.1,0.8466603095924604,0.6916636551936,51.76771887462401,0.00012904,0.605,9,0.0
har,iid,codec_two_tier,1,0,0.05,0.1,0.1,0.0,-1.0,10,0.9526,0.0294,0.1,0.452623376387191,0.31315181664,30.582104250112007,9.052000000000002e-05,0.3956,9,0.0
har,iid,device_only,1,1,0.05,0.1,0.0,0.0,-1.0,10,0.876,0.1263999999999999,1.0,4.2704397499077656e-05,4.032e-06,0.01344,0.0,0.0,0,0.0
har,iid,cloud_only,1,1,0.05,0.1,0.0,0.0,-1.0,10,0.9672,0.0,0.0,1.0,0.6918904319999999,67.55357312000001,0.0002,1.0,0,0.0
har,iid,fixed_conf,1,1,0.05,0.1,0.0,0.0,-1.0,10,0.963,0.0411999999999999,0.1,0.5678137248941948,0.6912512640000001,23.061312000000008,0.0,0.0,0,0.0
har,iid,entropy,1,1,0.05,0.1,0.0,0.0,-1.0,10,0.9486,0.0538,0.6,0.141644796909375,0.1724010916608,5.761579276800001,0.0,0.0,0,0.0
har,iid,learned_router,1,1,0.05,0.1,0.0,0.0,-1.0,10,0.963,0.0411999999999999,0.1,0.5678137248941948,0.6912512640000001,23.061312000000008,0.0,0.0,0,0.0
har,iid,cost_static,1,1,0.05,0.1,0.0,0.0,-1.0,10,0.9462,0.0516,0.6,0.1352366456667937,0.1569264855168,5.894893956352002,2.92e-06,0.0145999999999999,0,0.0
har,iid,offline_crc,1,1,0.05,0.1,0.0,0.0,-1.0,10,0.9464,0.0409999999999999,0.1,0.1560680241268936,0.1569572934144,8.039420942336003,1.2559999999999998e-05,0.0628,0,0.0
har,iid,online_naive,1,1,0.05,0.1,0.1,0.0,-1.0,10,0.9678,0.023,0.0,0.6633880869727747,0.6512108914944,34.960822758912,5.952000000000001e-05,0.2259999999999999,9,0.0
har,iid,online_ipw,1,1,0.05,0.1,0.1,0.0,-1.0,10,0.9684,0.0044,0.0,0.7169963509608601,0.6029616455424,42.957800120832005,0.00010272,0.4608,9,0.0
har,iid,codec,1,1,0.05,0.1,0.1,0.0,-1.0,10,0.9678,0.0226,0.0,0.6229916555273363,0.5902572029952,33.92462709760001,6.400000000000001e-05,0.2453999999999999,9,0.0
har,iid,codec_no_explore,1,1,0.05,0.1,0.0,0.0,-1.0,10,0.9606,0.0145999999999999,0.0,0.4470760694877739,0.3284706601343999,29.225092041472003,8.212e-05,0.4105999999999999,1,0.0
har,iid,codec_no_aci,1,1,0.05,0.1,0.1,0.0,-1.0,10,0.9654,0.02,0.0,0.6468465262936257,0.6162518060928,35.049282199296,6.516e-05,0.2547999999999999,9,0.0
har,iid,codec_bonferroni,1,1,0.05,0.1,0.1,0.0,-1.0,10,0.9658,0.0126,0.0,0.5210099341399624,0.4387690464767999,31.186131133440007,7.440000000000003e-05,0.3048,7,0.0
har,iid,codec_rawconf,1,1,0.05,0.1,0.1,0.0,-1.0,10,0.9652,0.0217999999999999,0.1,0.7673109094830345,0.6915463039488,43.59893973299201,9.232000000000002e-05,0.4069999999999999,9,0.0
har,iid,codec_two_tier,1,1,0.05,0.1,0.1,0.0,-1.0,10,0.959,0.0145999999999999,0.0,0.5388196952681266,0.37279242432,36.40406372505601,0.00010776,0.4847999999999999,9,0.0
har,iid,device_only,1,2,0.05,0.1,0.0,0.0,-1.0,10,0.876,0.1263999999999999,1.0,4.2704397499077656e-05,4.032e-06,0.01344,0.0,0.0,0,0.0
har,iid,cloud_only,1,2,0.05,0.1,0.0,0.0,-1.0,10,0.9672,0.0,0.0,1.0,0.6918904319999999,67.55357312000001,0.0002,1.0,0,0.0
har,iid,fixed_conf,1,2,0.05,0.1,0.0,0.0,-1.0,10,0.963,0.0411999999999999,0.1,0.5678137248941948,0.6912512640000001,23.061312000000008,0.0,0.0,0,0.0
har,iid,entropy,1,2,0.05,0.1,0.0,0.0,-1.0,10,0.9486,0.0538,0.6,0.141644796909375,0.1724010916608,5.761579276800001,0.0,0.0,0,0.0
har,iid,learned_router,1,2,0.05,0.1,0.0,0.0,-1.0,10,0.963,0.0411999999999999,0.1,0.5678137248941948,0.6912512640000001,23.061312000000008,0.0,0.0,0,0.0
har,iid,cost_static,1,2,0.05,0.1,0.0,0.0,-1.0,10,0.9462,0.0516,0.6,0.1352366456667937,0.1569264855168,5.894893956352002,2.92e-06,0.0145999999999999,0,0.0
har,iid,offline_crc,1,2,0.05,0.1,0.0,0.0,-1.0,10,0.9464,0.0409999999999999,0.1,0.1560680241268936,0.1569572934144,8.039420942336003,1.2559999999999998e-05,0.0628,0,0.0
har,iid,online_naive,1,2,0.05,0.1,0.1,0.0,-1.0,10,0.968,0.022,0.0,0.6689895644156454,0.650252605056,35.587041202688006,6.248000000000001e-05,0.2307999999999999,9,0.0
har,iid,online_ipw,1,2,0.05,0.1,0.1,0.0,-1.0,10,0.968,0.002,0.0,0.720037072496718,0.566512624128,45.14008122880001,0.000118,0.544,9,0.0
har,iid,codec,1,2,0.05,0.1,0.1,0.0,-1.0,10,0.9666,0.0203999999999999,0.0,0.6425094359965593,0.6104459685120001,34.900172335616006,6.536000000000001e-05,0.2532,9,0.0
har,iid,codec_no_explore,1,2,0.05,0.1,0.0,0.0,-1.0,10,0.9606,0.0145999999999999,0.0,0.4470760694877739,0.3284706601343999,29.225092041472003,8.212e-05,0.4105999999999999,1,0.0
har,iid,codec_no_aci,1,2,0.05,0.1,0.1,0.0,-1.0,10,0.9682,0.023,0.0,0.7003220368416347,0.6914472329088001,36.702639259392,6.132000000000002e-05,0.2253999999999999,9,0.0
har,iid,codec_bonferroni,1,2,0.05,0.1,0.1,0.0,-1.0,10,0.964,0.0144,0.0,0.5279774952070181,0.4298040528384,32.36365186662401,8.104000000000002e-05,0.3352,9,0.0
har,iid,codec_rawconf,1,2,0.05,0.1,0.1,0.0,-1.0,10,0.9652,0.019,0.0,0.8047382409071971,0.6916016558976,47.45196954598401,0.00010964,0.504,9,0.0
har,iid,codec_two_tier,1,2,0.05,0.1,0.1,0.0,-1.0,10,0.9595999999999998,0.016,0.0,0.5184205664378355,0.35867794176,35.02624500940801,0.00010368,0.4646,9,0.0
har,iid,device_only,1,3,0.05,0.1,0.0,0.0,-1.0,10,0.876,0.1263999999999999,1.0,4.2704397499077656e-05,4.032e-06,0.01344,0.0,0.0,0,0.0
har,iid,cloud_only,1,3,0.05,0.1,0.0,0.0,-1.0,10,0.9672,0.0,0.0,1.0,0.6918904319999999,67.55357312000001,0.0002,1.0,0,0.0
har,iid,fixed_conf,1,3,0.05,0.1,0.0,0.0,-1.0,10,0.963,0.0411999999999999,0.1,0.5678137248941948,0.6912512640000001,23.061312000000008,0.0,0.0,0,0.0
har,iid,entropy,1,3,0.05,0.1,0.0,0.0,-1.0,10,0.9486,0.0538,0.6,0.141644796909375,0.1724010916608,5.761579276800001,0.0,0.0,0,0.0
har,iid,learned_router,1,3,0.05,0.1,0.0,0.0,-1.0,10,0.963,0.0411999999999999,0.1,0.5678137248941948,0.6912512640000001,23.061312000000008,0.0,0.0,0,0.0
har,iid,cost_static,1,3,0.05,0.1,0.0,0.0,-1.0,10,0.9462,0.0516,0.6,0.1352366456667937,0.1569264855168,5.894893956352002,2.92e-06,0.0145999999999999,0,0.0
har,iid,offline_crc,1,3,0.05,0.1,0.0,0.0,-1.0,10,0.9464,0.0409999999999999,0.1,0.1560680241268936,0.1569572934144,8.039420942336003,1.2559999999999998e-05,0.0628,0,0.0
har,iid,online_naive,1,3,0.05,0.1,0.1,0.0,-1.0,10,0.9664,0.0208,0.0,0.6424331715571113,0.6096173666688001,34.934804054784,6.564000000000002e-05,0.2547999999999999,9,0.0
har,iid,online_ipw,1,3,0.05,0.1,0.1,0.0,-1.0,10,0.9691999999999998,0.0056,0.0,0.7208639018634663,0.6235415101824,42.300960420608,9.668000000000002e-05,0.4293999999999999,9,0.0
har,iid,codec,1,3,0.05,0.1,0.1,0.0,-1.0,10,0.9672,0.0227999999999999,0.0,0.5927693247807586,0.5454740977152,33.107407361024,6.704000000000002e-05,0.2649999999999999,9,0.0
har,iid,codec_no_explore,1,3,0.05,0.1,0.0,0.0,-1.0,10,0.9606,0.0145999999999999,0.0,0.4470760694877739,0.3284706601343999,29.225092041472003,8.212e-05,0.4105999999999999,1,0.0
har,iid,codec_no_aci,1,3,0.05,0.1,0.1,0.0,-1.0,10,0.968,0.014,0.0,0.7095793743890301,0.6743388166272,38.533634134272006,7.212000000000003e-05,0.2845999999999999,9,0.0
har,iid,codec_bonferroni,1,3,0.05,0.1,0.1,0.0,-1.0,10,0.9638,0.0094,0.0,0.5550509533949399,0.4400621239295999,34.626826052608,8.968000000000001e-05,0.3807999999999999,8,0.0
har,iid,codec_rawconf,1,3,0.05,0.1,0.1,0.0,-1.0,10,0.9656,0.0221999999999999,0.1,0.7683481565432884,0.6915478379519999,43.70572115968,9.280000000000002e-05,0.4065999999999999,9,0.0
har,iid,codec_two_tier,1,3,0.05,0.1,0.1,0.0,-1.0,10,0.957,0.0218,0.0,0.489421804865363,0.33861323616,33.067581148928,9.788000000000002e-05,0.4372,9,0.0
har,iid,device_only,1,4,0.05,0.1,0.0,0.0,-1.0,10,0.876,0.1263999999999999,1.0,4.2704397499077656e-05,4.032e-06,0.01344,0.0,0.0,0,0.0
har,iid,cloud_only,1,4,0.05,0.1,0.0,0.0,-1.0,10,0.9672,0.0,0.0,1.0,0.6918904319999999,67.55357312000001,0.0002,1.0,0,0.0
har,iid,fixed_conf,1,4,0.05,0.1,0.0,0.0,-1.0,10,0.963,0.0411999999999999,0.1,0.5678137248941948,0.6912512640000001,23.061312000000008,0.0,0.0,0,0.0
har,iid,entropy,1,4,0.05,0.1,0.0,0.0,-1.0,10,0.9486,0.0538,0.6,0.141644796909375,0.1724010916608,5.761579276800001,0.0,0.0,0,0.0
har,iid,learned_router,1,4,0.05,0.1,0.0,0.0,-1.0,10,0.963,0.0411999999999999,0.1,0.5678137248941948,0.6912512640000001,23.061312000000008,0.0,0.0,0,0.0
har,iid,cost_static,1,4,0.05,0.1,0.0,0.0,-1.0,10,0.9462,0.0516,0.6,0.1352366456667937,0.1569264855168,5.894893956352002,2.92e-06,0.0145999999999999,0,0.0
har,iid,offline_crc,1,4,0.05,0.1,0.0,0.0,-1.0,10,0.9464,0.0409999999999999,0.1,0.1560680241268936,0.1569572934144,8.039420942336003,1.2559999999999998e-05,0.0628,0,0.0
har,iid,online_naive,1,4,0.05,0.1,0.1,0.0,-1.0,10,0.968,0.022,0.0,0.6693844609260997,0.6509435966207999,35.59229217024,6.240000000000003e-05,0.2307999999999999,9,0.0
har,iid,online_ipw,1,4,0.05,0.1,0.1,0.0,-1.0,10,0.9686,0.0046,0.0,0.7234061871135864,0.6206455583232,42.711371134976005,9.896e-05,0.4352,9,0.0
har,iid,codec,1,4,0.05,0.1,0.1,0.0,-1.0,10,0.9680000000000002,0.0223999999999999,0.0,0.6692437897729221,0.6506672255616,35.591971473664,6.244000000000002e-05,0.2459999999999999,9,0.0
har,iid,codec_no_explore,1,4,0.05,0.1,0.0,0.0,-1.0,10,0.9606,0.0145999999999999,0.0,0.4470760694877739,0.3284706601343999,29.225092041472003,8.212e-05,0.4105999999999999,1,0.0
har,iid,codec_no_aci,1,4,0.05,0.1,0.1,0.0,-1.0,10,0.9676,0.0124,0.0,0.7081625533963847,0.6583192662144001,39.20911300633601,7.756000000000002e-05,0.3236,9,0.0
har,iid,codec_bonferroni,1,4,0.05,0.1,0.1,0.0,-1.0,10,0.9618,0.0166,0.0,0.4559229662051915,0.3752933755392,27.73556865024001,6.840000000000001e-05,0.273,8,0.0
har,iid,codec_rawconf,1,4,0.05,0.1,0.1,0.0,-1.0,10,0.967,0.0126,0.0,0.8859028233720675,0.691721691648,55.80761618432,0.0001472,0.7036,9,0.0
har,iid,codec_two_tier,1,4,0.05,0.1,0.1,0.0,-1.0,10,0.9576,0.0187999999999999,0.0,0.505021138676762,0.349406664,34.1212072256,0.000101,0.4506,9,0.0
har,iid,device_only,2,0,0.05,0.1,0.0,0.0,-1.0,10,0.868,0.132,1.0,4.2704397499077656e-05,4.032e-06,0.01344,0.0,0.0,0,0.0
har,iid,cloud_only,2,0,0.05,0.1,0.0,0.0,-1.0,10,0.9674,0.0,0.0,1.0,0.6918904319999999,67.55357312000001,0.0002,1.0,0,0.0
har,iid,fixed_conf,2,0,0.05,0.1,0.0,0.0,-1.0,10,0.9696,0.035,0.1,0.5678137248941948,0.6912512640000001,23.061312000000008,0.0,0.0,0,0.0
har,iid,entropy,2,0,0.05,0.1,0.0,0.0,-1.0,10,0.9438,0.0354,0.0,0.2382325322100148,0.16481137248,16.101499709184004,4.764000000000001e-05,0.2381999999999999,0,0.0
har,iid,learned_router,2,0,0.05,0.1,0.0,0.0,-1.0,10,0.9354,0.0484,0.3,0.1888346418072512,0.13063218432,12.765017133056004,3.776e-05,0.1888,0,0.0
har,iid,cost_static,2,0,0.05,0.1,0.0,0.0,-1.0,10,0.9542,0.0467999999999999,0.3,0.1787770216498589,0.2176086606336,7.268910105600002,0.0,0.0,0,0.0
har,iid,offline_crc,2,0,0.05,0.1,0.0,0.0,-1.0,10,0.9566,0.0314,0.0,0.1974474687344297,0.2176362726912,9.190975785984005,8.640000000000002e-06,0.0431999999999999,0,0.0
har,iid,online_naive,2,0,0.05,0.1,0.1,0.0,-1.0,10,0.9643999999999998,0.0226,0.0,0.5564150353354652,0.5002676792447999,31.680162602240006,6.740000000000001e-05,0.2653999999999999,9,0.0
har,iid,online_ipw,2,0,0.05,0.1,0.1,0.0,-1.0,10,0.9701999999999998,0.0042,0.0,0.7387970415604366,0.6343383895296,43.594844707328,0.00010088,0.447,9,0.0
har,iid,codec,2,0,0.05,0.1,0.1,0.0,-1.0,10,0.9662,0.018,0.0,0.6116939655452547,0.5529584871936001,34.67329530777601,7.296000000000002e-05,0.2968,9,0.0
har,iid,codec_no_explore,2,0,0.05,0.1,0.0,0.0,-1.0,10,0.9598,0.0254,0.0,0.3614507013835161,0.3161928544512,21.033303798272005,4.712000000000001e-05,0.2355999999999999,1,0.0
har,iid,codec_no_aci,2,0,0.05,0.1,0.1,0.0,-1.0,10,0.9702,0.0172,0.0,0.661462846942927,0.6273199431551999,35.98754909363201,6.772000000000002e-05,0.2697999999999999,9,0.0
har,iid,codec_bonferroni,2,0,0.05,0.1,0.1,0.0,-1.0,10,0.9668,0.0128,0.0,0.5028344584887849,0.421896222336,30.17884044544001,7.240000000000001e-05,0.292,8,0.0
har,iid,codec_rawconf,2,0,0.05,0.1,0.1,0.0,-1.0,10,0.9684,0.0272,0.1,0.7266853996230889,0.6914862221568,39.41666718771201,7.352000000000001e-05,0.3,9,0.0
har,iid,codec_two_tier,2,0,0.05,0.1,0.1,0.0,-1.0,10,0.9584,0.014,0.0,0.5526191059474411,0.38234045664,37.33611756211201,0.00011052,0.5045999999999999,9,0.0
har,iid,device_only,2,1,0.05,0.1,0.0,0.0,-1.0,10,0.868,0.132,1.0,4.2704397499077656e-05,4.032e-06,0.01344,0.0,0.0,0,0.0
har,iid,cloud_only,2,1,0.05,0.1,0.0,0.0,-1.0,10,0.9674,0.0,0.0,1.0,0.6918904319999999,67.55357312000001,0.0002,1.0,0,0.0
har,iid,fixed_conf,2,1,0.05,0.1,0.0,0.0,-1.0,10,0.9696,0.035,0.1,0.5678137248941948,0.6912512640000001,23.061312000000008,0.0,0.0,0,0.0
har,iid,entropy,2,1,0.05,0.1,0.0,0.0,-1.0,10,0.9438,0.0354,0.0,0.2382325322100148,0.16481137248,16.101499709184004,4.764000000000001e-05,0.2381999999999999,0,0.0
har,iid,learned_router,2,1,0.05,0.1,0.0,0.0,-1.0,10,0.9354,0.0484,0.3,0.1888346418072512,0.13063218432,12.765017133056004,3.776e-05,0.1888,0,0.0
har,iid,cost_static,2,1,0.05,0.1,0.0,0.0,-1.0,10,0.9542,0.0467999999999999,0.3,0.1787770216498589,0.2176086606336,7.268910105600002,0.0,0.0,0,0.0
har,iid,offline_crc,2,1,0.05,0.1,0.0,0.0,-1.0,10,0.9566,0.0314,0.0,0.1974474687344297,0.2176362726912,9.190975785984005,8.640000000000002e-06,0.0431999999999999,0,0.0
har,iid,online_naive,2,1,0.05,0.1,0.1,0.0,-1.0,10,0.9672,0.0192,0.0,0.5792173998181408,0.5275034593536,32.63274102016,6.760000000000002e-05,0.2638,9,0.0
har,iid,online_ipw,2,1,0.05,0.1,0.1,0.0,-1.0,10,0.9704,0.006,0.0,0.7278923097598524,0.6518586139775999,41.57301415449601,8.916000000000001e-05,0.3816,9,0.0
har,iid,codec,2,1,0.05,0.1,0.1,0.0,-1.0,10,0.9644,0.0154,0.0,0.5521865395441174,0.4668457004544,32.958329245696,7.816000000000002e-05,0.322,9,0.0
har,iid,codec_no_explore,2,1,0.05,0.1,0.0,0.0,-1.0,10,0.9598,0.0254,0.0,0.3614507013835161,0.3161928544512,21.033303798272005,4.712000000000001e-05,0.2355999999999999,1,0.0
har,iid,codec_no_aci,2,1,0.05,0.1,0.1,0.0,-1.0,10,0.9706,0.0162,0.0,0.6638627444523731,0.6289804705151999,36.149645413120005,6.820000000000002e-05,0.2714,9,0.0
har,iid,codec_bonferroni,2,1,0.05,0.1,0.1,0.0,-1.0,10,0.967,0.0175999999999999,0.0,0.4848453366288102,0.4226981069568,28.284432211456004,6.376000000000003e-05,0.2489999999999999,8,0.0
har,iid,codec_rawconf,2,1,0.05,0.1,0.1,0.0,-1.0,10,0.9706,0.0202,0.0,0.7324766957095067,0.6914947870079999,40.01286348672001,7.620000000000002e-05,0.3127999999999999,9,0.0
har,iid,codec_two_tier,2,1,0.05,0.1,0.1,0.0,-1.0,10,0.9564,0.0168,0.0,0.510620899532136,0.35328122784,34.499431971072006,0.00010212,0.4571999999999999,9,0.0
har,iid,device_only,2,2,0.05,0.1,0.0,0.0,-1.0,10,0.868,0.132,1.0,4.2704397499077656e-05,4.032e-06,0.01344,0.0,0.0,0,0.0
har,iid,cloud_only,2,2,0.05,0.1,0.0,0.0,-1.0,10,0.9674,0.0,0.0,1.0,0.6918904319999999,67.55357312000001,0.0002,1.0,0,0.0
har,iid,fixed_conf,2,2,0.05,0.1,0.0,0.0,-1.0,10,0.9696,0.035,0.1,0.5678137248941948,0.6912512640000001,23.061312000000008,0.0,0.0,0,0.0
har,iid,entropy,2,2,0.05,0.1,0.0,0.0,-1.0,10,0.9438,0.0354,0.0,0.2382325322100148,0.16481137248,16.101499709184004,4.764000000000001e-05,0.2381999999999999,0,0.0
har,iid,learned_router,2,2,0.05,0.1,0.0,0.0,-1.0,10,0.9354,0.0484,0.3,0.1888346418072512,0.13063218432,12.765017133056004,3.776e-05,0.1888,0,0.0
har,iid,cost_static,2,2,0.05,0.1,0.0,0.0,-1.0,10,0.9542,0.0467999999999999,0.3,0.1787770216498589,0.2176086606336,7.268910105600002,0.0,0.0,0,0.0
har,iid,offline_crc,2,2,0.05,0.1,0.0,0.0,-1.0,10,0.9566,0.0314,0.0,0.1974474687344297,0.2176362726912,9.190975785984005,8.640000000000002e-06,0.0431999999999999,0,0.0
har,iid,online_naive,2,2,0.05,0.1,0.1,0.0,-1.0,10,0.9642,0.0227999999999999,0.0,0.5326059422392554,0.4705449431039999,30.751393271808,6.768000000000002e-05,0.2649999999999999,9,0.0
har,iid,online_ipw,2,2,0.05,0.1,0.1,0.0,-1.0,10,0.97,0.004,0.0,0.7400715698444624,0.633787948416,43.754375454208,0.00010168,0.456,9,0.0
har,iid,codec,2,2,0.05,0.1,0.1,0.0,-1.0,10,0.9692,0.0184,0.0,0.6368283242939506,0.6061570398336,34.534814223616,6.436e-05,0.239,9,0.0
har,iid,codec_no_explore,2,2,0.05,0.1,0.0,0.0,-1.0,10,0.9598,0.0254,0.0,0.3614507013835161,0.3161928544512,21.033303798272005,4.712000000000001e-05,0.2355999999999999,1,0.0
har,iid,codec_no_aci,2,2,0.05,0.1,0.1,0.0,-1.0,10,0.9694,0.015,0.0,0.6718692058124762,0.629268474432,36.959725262080006,7.180000000000002e-05,0.2882,9,0.0
har,iid,codec_bonferroni,2,2,0.05,0.1,0.1,0.0,-1.0,10,0.9602,0.018,0.0,0.4924620512409486,0.4077965684736,29.833242187776005,7.296000000000002e-05,0.2915999999999999,9,0.0
har,iid,codec_rawconf,2,2,0.05,0.1,0.1,0.0,-1.0,10,0.968,0.0096,0.0,0.8843469527816865,0.6917193906432,55.64744404428801,0.00014648,0.7028,9,0.0
har,iid,codec_two_tier,2,2,0.05,0.1,0.1,0.0,-1.0,10,0.9564,0.0168,0.0,0.509420950777413,0.35245096416,34.41838381132801,0.00010188,0.4571999999999999,9,0.0
har,iid,device_only,2,3,0.05,0.1,0.0,0.0,-1.0,10,0.868,0.132,1.0,4.2704397499077656e-05,4.032e-06,0.01344,0.0,0.0,0,0.0
har,iid,cloud_only,2,3,0.05,0.1,0.0,0.0,-1.0,10,0.9674,0.0,0.0,1.0,0.6918904319999999,67.55357312000001,0.0002,1.0,0,0.0
har,iid,fixed_conf,2,3,0.05,0.1,0.0,0.0,-1.0,10,0.9696,0.035,0.1,0.5678137248941948,0.6912512640000001,23.061312000000008,0.0,0.0,0,0.0
har,iid,entropy,2,3,0.05,0.1,0.0,0.0,-1.0,10,0.9438,0.0354,0.0,0.2382325322100148,0.16481137248,16.101499709184004,4.764000000000001e-05,0.2381999999999999,0,0.0
har,iid,learned_router,2,3,0.05,0.1,0.0,0.0,-1.0,10,0.9354,0.0484,0.3,0.1888346418072512,0.13063218432,12.765017133056004,3.776e-05,0.1888,0,0.0
har,iid,cost_static,2,3,0.05,0.1,0.0,0.0,-1.0,10,0.9542,0.0467999999999999,0.3,0.1787770216498589,0.2176086606336,7.268910105600002,0.0,0.0,0,0.0
har,iid,offline_crc,2,3,0.05,0.1,0.0,0.0,-1.0,10,0.9566,0.0314,0.0,0.1974474687344297,0.2176362726912,9.190975785984005,8.640000000000002e-06,0.0431999999999999,0,0.0
har,iid,online_naive,2,3,0.05,0.1,0.1,0.0,-1.0,10,0.9642,0.0227999999999999,0.0,0.5288976281787737,0.4675016656127999,30.525404303872005,6.712000000000002e-05,0.2649999999999999,9,0.0
har,iid,online_ipw,2,3,0.05,0.1,0.1,0.0,-1.0,10,0.97,0.004,0.0,0.7271432713559397,0.6330784209792,42.458848914176,9.596e-05,0.4234,9,0.0
har,iid,codec,2,3,0.05,0.1,0.1,0.0,-1.0,10,0.969,0.0128,0.0,0.6743115745264148,0.6086979416448,38.26615197465601,8.076e-05,0.3382,9,0.0
har,iid,codec_no_explore,2,3,0.05,0.1,0.0,0.0,-1.0,10,0.9598,0.0254,0.0,0.3614507013835161,0.3161928544512,21.033303798272005,4.712000000000001e-05,0.2355999999999999,1,0.0
har,iid,codec_no_aci,2,3,0.05,0.1,0.1,0.0,-1.0,10,0.9702,0.0164,0.0,0.6674388752651056,0.6287095963008001,36.531958162176,6.996000000000001e-05,0.2808,9,0.0
har,iid,codec_bonferroni,2,3,0.05,0.1,0.1,0.0,-1.0,10,0.962,0.0174,0.0,0.4949670150490658,0.4126331259264,29.843303603968007,7.228e-05,0.2914,9,0.0
har,iid,codec_rawconf,2,3,0.05,0.1,0.1,0.0,-1.0,10,0.969,0.0198,0.1,0.804651803652176,0.691601528064,47.44307109376,0.0001096,0.5,9,0.0
har,iid,codec_two_tier,2,3,0.05,0.1,0.1,0.0,-1.0,10,0.9564,0.0168,0.0,0.5164206518466306,0.3572941689599999,34.891164743168005,0.00010328,0.4571999999999999,9,0.0
har,iid,device_only,2,4,0.05,0.1,0.0,0.0,-1.0,10,0.868,0.132,1.0,4.2704397499077656e-05,4.032e-06,0.01344,0.0,0.0,0,0.0
har,iid,cloud_only,2,4,0.05,0.1,0.0,0.0,-1.0,10,0.9674,0.0,0.0,1.0,0.6918904319999999,67.55357312000001,0.0002,1.0,0,0.0
har,iid,fixed_conf,2,4,0.05,0.1,0.0,0.0,-1.0,10,0.9696,0.035,0.1,0.5678137248941948,0.6912512640000001,23.061312000000008,0.0,0.0,0,0.0
har,iid,entropy,2,4,0.05,0.1,0.0,0.0,-1.0,10,0.9438,0.0354,0.0,0.2382325322100148,0.16481137248,16.101499709184004,4.764000000000001e-05,0.2381999999999999,0,0.0
har,iid,learned_router,2,4,0.05,0.1,0.0,0.0,-1.0,10,0.9354,0.0484,0.3,0.1888346418072512,0.13063218432,12.765017133056004,3.776e-05,0.1888,0,0.0
har,iid,cost_static,2,4,0.05,0.1,0.0,0.0,-1.0,10,0.9542,0.0467999999999999,0.3,0.1787770216498589,0.2176086606336,7.268910105600002,0.0,0.0,0,0.0
har,iid,offline_crc,2,4,0.05,0.1,0.0,0.0,-1.0,10,0.9566,0.0314,0.0,0.1974474687344297,0.2176362726912,9.190975785984005,8.640000000000002e-06,0.0431999999999999,0,0.0
har,iid,online_naive,2,4,0.05,0.1,0.1,0.0,-1.0,10,0.9642,0.0227999999999999,0.0,0.5350380431055661,0.4719293550719999,30.930965799168007,6.828000000000002e-05,0.2649999999999999,9,0.0
har,iid,online_ipw,2,4,0.05,0.1,0.1,0.0,-1.0,10,0.9698,0.0054,0.0,0.7242637249911632,0.6329360808575999,42.16948886860801,9.468000000000002e-05,0.4168000000000001,9,0.0
har,iid,codec,2,4,0.05,0.1,0.1,0.0,-1.0,10,0.9618,0.0209999999999999,0.0,0.50061414345261,0.4361153341056,29.220975800576003,6.596000000000003e-05,0.2598,9,0.0
har,iid,codec_no_explore,2,4,0.05,0.1,0.0,0.0,-1.0,10,0.9598,0.0254,0.0,0.3614507013835161,0.3161928544512,21.033303798272005,4.712000000000001e-05,0.2355999999999999,1,0.0
har,iid,codec_no_aci,2,4,0.05,0.1,0.1,0.0,-1.0,10,0.9658,0.018,0.0,0.5423852731370679,0.4578559070975999,32.40955024742401,7.704000000000001e-05,0.3125999999999999,9,0.0
har,iid,codec_bonferroni,2,4,0.05,0.1,0.1,0.0,-1.0,10,0.9624,0.0156,0.0,0.4775068162441972,0.3844386758784,29.490248273152,7.492000000000001e-05,0.3021999999999999,8,0.0
har,iid,codec_rawconf,2,4,0.05,0.1,0.1,0.0,-1.0,10,0.969,0.0288,0.1,0.6894309427089684,0.6914311258752,35.58143427916801,5.628e-05,0.2022,9,0.0
har,iid,codec_two_tier,2,4,0.05,0.1,0.1,0.0,-1.0,10,0.9578,0.0152,0.0,0.5286201308529811,0.36573518304,35.715154367232,0.00010572,0.4733999999999999,9,0.0
har,iid,device_only,3,0,0.05,0.1,0.0,0.0,-1.0,10,0.8640000000000001,0.1334,1.0,4.2704397499077656e-05,4.032e-06,0.01344,0.0,0.0,0,0.0
har,iid,cloud_only,3,0,0.05,0.1,0.0,0.0,-1.0,10,0.972,0.0,0.0,1.0,0.6918904319999999,67.55357312000001,0.0002,1.0,0,0.0
har,iid,fixed_conf,3,0,0.05,0.1,0.0,0.0,-1.0,10,0.9713999999999998,0.0342,0.0,0.5678137248941948,0.6912512640000001,23.061312000000008,0.0,0.0,0,0.0
har,iid,entropy,3,0,0.05,0.1,0.0,0.0,-1.0,10,0.9508,0.0455999999999999,0.3,0.147103918288923,0.1689571275264,6.500591330304002,3.8400000000000005e-06,0.0192,0,0.0
har,iid,learned_router,3,0,0.05,0.1,0.0,0.0,-1.0,10,0.9713999999999998,0.0342,0.0,0.5678137248941948,0.6912512640000001,23.061312000000008,0.0,0.0,0,0.0
har,iid,cost_static,3,0,0.05,0.1,0.0,0.0,-1.0,10,0.9436,0.044,0.4,0.1501259157490765,0.1504586745984,7.7604817799680035,1.228e-05,0.0614,0,0.0
har,iid,offline_crc,3,0,0.05,0.1,0.0,0.0,-1.0,10,0.9624,0.028,0.0,0.2156195428879655,0.2371326404736,10.063387081984,9.64e-06,0.0481999999999999,0,0.0
har,iid,online_naive,3,0,0.05,0.1,0.1,0.0,-1.0,10,0.9732,0.0104,0.0,0.6841331548872593,0.6230729438976,38.540883311104,7.984000000000004e-05,0.3303999999999999,9,0.0
har,iid,online_ipw,3,0,0.05,0.1,0.1,0.0,-1.0,10,0.9726,0.0042,0.0,0.7258246819893308,0.6325241448576,42.351426094336,9.556e-05,0.4168,9,0.0
har,iid,codec,3,0,0.05,0.1,0.1,0.0,-1.0,10,0.9636,0.0175999999999999,0.0,0.5369583551143846,0.46102375584,31.688014401792003,7.332000000000002e-05,0.2994,9,0.0
har,iid,codec_no_explore,3,0,0.05,0.1,0.0,0.0,-1.0,10,0.973,0.0158,0.0,0.6641912642427893,0.6913937984640001,32.983086229760005,4.460000000000001e-05,0.223,1,0.0
har,iid,codec_no_aci,3,0,0.05,0.1,0.1,0.0,-1.0,10,0.9734,0.0118,0.0,0.706115112870252,0.6725386336512,38.269045265920006,7.120000000000001e-05,0.2824,9,0.0
har,iid,codec_bonferroni,3,0,0.05,0.1,0.1,0.0,-1.0,10,0.9646,0.0141999999999999,0.0,0.4928620341591896,0.4080733230335999,29.860258241024003,7.304e-05,0.2921999999999999,8,0.0
har,iid,codec_rawconf,3,0,0.05,0.1,0.1,0.0,-1.0,10,0.9722000000000002,0.0098,0.0,0.8082821683630648,0.6916068970752,47.81680608716801,0.00011128,0.5096,9,0.0
har,iid,codec_two_tier,3,0,0.05,0.1,0.1,0.0,-1.0,10,0.9552,0.0252,0.0,0.4836220525508684,0.3346002950399999,32.67584837683201,9.672e-05,0.4244,9,0.0
har,iid,device_only,3,1,0.05,0.1,0.0,0.0,-1.0,10,0.8640000000000001,0.1334,1.0,4.2704397499077656e-05,4.032e-06,0.01344,0.0,0.0,0,0.0
har,iid,cloud_only,3,1,0.05,0.1,0.0,0.0,-1.0,10,0.972,0.0,0.0,1.0,0.6918904319999999,67.55357312000001,0.0002,1.0,0,0.0
har,iid,fixed_conf,3,1,0.05,0.1,0.0,0.0,-1.0,10,0.9713999999999998,0.0342,0.0,0.5678137248941948,0.6912512640000001,23.061312000000008,0.0,0.0,0,0.0
har,iid,entropy,3,1,0.05,0.1,0.0,0.0,-1.0,10,0.9508,0.0455999999999999,0.3,0.147103918288923,0.1689571275264,6.500591330304002,3.8400000000000005e-06,0.0192,0,0.0
har,iid,learned_router,3,1,0.05,0.1,0.0,0.0,-1.0,10,0.9713999999999998,0.0342,0.0,0.5678137248941948,0.6912512640000001,23.061312000000008,0.0,0.0,0,0.0
har,iid,cost_static,3,1,0.05,0.1,0.0,0.0,-1.0,10,0.9436,0.044,0.4,0.1501259157490765,0.1504586745984,7.7604817799680035,1.228e-05,0.0614,0,0.0
har,iid,offline_crc,3,1,0.05,0.1,0.0,0.0,-1.0,10,0.9624,0.028,0.0,0.2156195428879655,0.2371326404736,10.063387081984,9.64e-06,0.0481999999999999,0,0.0
har,iid,online_naive,3,1,0.05,0.1,0.1,0.0,-1.0,10,0.9732,0.0104,0.0,0.6796536768495189,0.6218235855359999,38.143459052544,7.824000000000001e-05,0.3303999999999999,9,0.0
har,iid,online_ipw,3,1,0.05,0.1,0.1,0.0,-1.0,10,0.9742,0.0042,0.0,0.7193452893603853,0.629891013696,41.81892156953601,9.356000000000002e-05,0.408,9,0.0
har,iid,codec,3,1,0.05,0.1,0.1,0.0,-1.0,10,0.959,0.0294,0.2,0.5067138037624065,0.4579412334335999,28.730200601088008,6.048e-05,0.2238,9,0.0
har,iid,codec_no_explore,3,1,0.05,0.1,0.0,0.0,-1.0,10,0.973,0.0158,0.0,0.6641912642427893,0.6913937984640001,32.983086229760005,4.460000000000001e-05,0.223,1,0.0
har,iid,codec_no_aci,3,1,0.05,0.1,0.1,0.0,-1.0,10,0.9712000000000002,0.01,0.0,0.6822976269006686,0.6247272074112,38.26695547161601,7.836000000000002e-05,0.3249999999999999,9,0.0
har,iid,codec_bonferroni,3,1,0.05,0.1,0.1,0.0,-1.0,10,0.9688,0.0112,0.0,0.5505001072614293,0.4798228682111999,32.119150571264,7.244000000000002e-05,0.2932,8,0.0
har,iid,codec_rawconf,3,1,0.05,0.1,0.1,0.0,-1.0,10,0.9722000000000002,0.0174,0.0,0.7329088819846125,0.691495426176,40.057355747840006,7.640000000000001e-05,0.3098,9,0.0
har,iid,codec_two_tier,3,1,0.05,0.1,0.1,0.0,-1.0,10,0.9594,0.0198,0.0,0.5180205835195946,0.3584011872,34.99922895616,0.0001036,0.4639999999999999,9,0.0
har,iid,device_only,3,2,0.05,0.1,0.0,0.0,-1.0,10,0.8640000000000001,0.1334,1.0,4.2704397499077656e-05,4.032e-06,0.01344,0.0,0.0,0,0.0
har,iid,cloud_only,3,2,0.05,0.1,0.0,0.0,-1.0,10,0.972,0.0,0.0,1.0,0.6918904319999999,67.55357312000001,0.0002,1.0,0,0.0
har,iid,fixed_conf,3,2,0.05,0.1,0.0,0.0,-1.0,10,0.9713999999999998,0.0342,0.0,0.5678137248941948,0.6912512640000001,23.061312000000008,0.0,0.0,0,0.0
har,iid,entropy,3,2,0.05,0.1,0.0,0.0,-1.0,10,0.9508,0.0455999999999999,0.3,0.147103918288923,0.1689571275264,6.500591330304002,3.8400000000000005e-06,0.0192,0,0.0
har,iid,learned_router,3,2,0.05,0.1,0.0,0.0,-1.0,10,0.9713999999999998,0.0342,0.0,0.5678137248941948,0.6912512640000001,23.061312000000008,0.0,0.0,0,0.0
har,iid,cost_static,3,2,0.05,0.1,0.0,0.0,-1.0,10,0.9436,0.044,0.4,0.1501259157490765,0.1504586745984,7.7604817799680035,1.228e-05,0.0614,0,0.0
har,iid,offline_crc,3,2,0.05,0.1,0.0,0.0,-1.0,10,0.9624,0.028,0.0,0.2156195428879655,0.2371326404736,10.063387081984,9.64e-06,0.0481999999999999,0,0.0
har,iid,online_naive,3,2,0.05,0.1,0.1,0.0,-1.0,10,0.9732,0.0104,0.0,0.680036715634255,0.6211337444735999,38.21829415500801,7.868e-05,0.3303999999999999,9,0.0
har,iid,online_ipw,3,2,0.05,0.1,0.1,0.0,-1.0,10,0.9732,0.0036,0.0,0.7153811917418875,0.5960551814016,43.14554865536,0.0001046,0.4658,9,0.0
har,iid,codec,3,2,0.05,0.1,0.1,0.0,-1.0,10,0.965,0.0158,0.0,0.5224471641184573,0.43904733504,31.319928613376003,7.496000000000003e-05,0.3054,9,0.0
har,iid,codec_no_explore,3,2,0.05,0.1,0.0,0.0,-1.0,10,0.973,0.0158,0.0,0.6641912642427893,0.6913937984640001,32.983086229760005,4.460000000000001e-05,0.223,1,0.0
har,iid,codec_no_aci,3,2,0.05,0.1,0.1,0.0,-1.0,10,0.9744,0.0128,0.0,0.6990459186795183,0.6686618966400001,37.73954683264001,6.940000000000002e-05,0.268,9,0.0
har,iid,codec_bonferroni,3,2,0.05,0.1,0.1,0.0,-1.0,10,0.965,0.0158,0.0,0.4695443842893256,0.3922975461119999,28.266952492544004,6.824000000000001e-05,0.2755999999999999,8,0.0
har,iid,codec_rawconf,3,2,0.05,0.1,0.1,0.0,-1.0,10,0.9732,0.0183999999999999,0.0,0.7280683957034274,0.6914882674944,39.559042423296006,7.416000000000001e-05,0.3077999999999999,9,0.0
har,iid,codec_two_tier,3,2,0.05,0.1,0.1,0.0,-1.0,10,0.9626,0.0142,0.0,0.5856176967023237,0.40517270784,39.56494195507201,0.00011712,0.5418000000000001,9,0.0
har,iid,device_only,3,3,0.05,0.1,0.0,0.0,-1.0,10,0.8640000000000001,0.1334,1.0,4.2704397499077656e-05,4.032e-06,0.01344,0.0,0.0,0,0.0
har,iid,cloud_only,3,3,0.05,0.1,0.0,0.0,-1.0,10,0.972,0.0,0.0,1.0,0.6918904319999999,67.55357312000001,0.0002,1.0,0,0.0
har,iid,fixed_conf,3,3,0.05,0.1,0.0,0.0,-1.0,10,0.9713999999999998,0.0342,0.0,0.5678137248941948,0.6912512640000001,23.061312000000008,0.0,0.0,0,0.0
har,iid,entropy,3,3,0.05,0.1,0.0,0.0,-1.0,10,0.9508,0.0455999999999999,0.3,0.147103918288923,0.1689571275264,6.500591330304002,3.8400000000000005e-06,0.0192,0,0.0
har,iid,learned_router,3,3,0.05,0.1,0.0,0.0,-1.0,10,0.9713999999999998,0.0342,0.0,0.5678137248941948,0.6912512640000001,23.061312000000008,0.0,0.0,0,0.0
har,iid,cost_static,3,3,0.05,0.1,0.0,0.0,-1.0,10,0.9436,0.044,0.4,0.1501259157490765,0.1504586745984,7.7604817799680035,1.228e-05,0.0614,0,0.0
har,iid,offline_crc,3,3,0.05,0.1,0.0,0.0,-1.0,10,0.9624,0.028,0.0,0.2156195428879655,0.2371326404736,10.063387081984,9.64e-06,0.0481999999999999,0,0.0
har,iid,online_naive,3,3,0.05,0.1,0.1,0.0,-1.0,10,0.9732,0.0104,0.0,0.6845924581114433,0.6232117046784,38.5810866944,8.000000000000002e-05,0.3303999999999999,9,0.0
har,iid,online_ipw,3,3,0.05,0.1,0.1,0.0,-1.0,10,0.9736,0.004,0.0,0.7147624932888217,0.613590618048,42.182633917184,9.764000000000002e-05,0.4324,9,0.0
har,iid,codec,3,3,0.05,0.1,0.1,0.0,-1.0,10,0.9646,0.0169999999999999,0.0,0.5104849346585272,0.4370965027584,30.18758030489601,7.016000000000002e-05,0.282,9,0.0
har,iid,codec_no_explore,3,3,0.05,0.1,0.0,0.0,-1.0,10,0.973,0.0158,0.0,0.6641912642427893,0.6913937984640001,32.983086229760005,4.460000000000001e-05,0.223,1,0.0
har,iid,codec_no_aci,3,3,0.05,0.1,0.1,0.0,-1.0,10,0.9732,0.0116,0.0,0.6989188851942586,0.6508491940992,38.639851708672,7.612000000000002e-05,0.3063999999999999,9,0.0
har,iid,codec_bonferroni,3,3,0.05,0.1,0.1,0.0,-1.0,10,0.9672,0.0136,0.0,0.4953974530593236,0.424508772288,29.278694162176,6.796000000000002e-05,0.269,8,0.0
har,iid,codec_rawconf,3,3,0.05,0.1,0.1,0.0,-1.0,10,0.9733999999999998,0.0154,0.0,0.7705090879188174,0.6915510337919999,43.92818246528,9.380000000000004e-05,0.408,9,0.0
har,iid,codec_two_tier,3,3,0.05,0.1,0.1,0.0,-1.0,10,0.9586,0.021,0.0,0.5060210959723646,0.3500985504,34.18874735872,0.0001012,0.4518,9,0.0
har,iid,device_only,3,4,0.05,0.1,0.0,0.0,-1.0,10,0.8640000000000001,0.1334,1.0,4.2704397499077656e-05,4.032e-06,0.01344,0.0,0.0,0,0.0
har,iid,cloud_only,3,4,0.05,0.1,0.0,0.0,-1.0,10,0.972,0.0,0.0,1.0,0.6918904319999999,67.55357312000001,0.0002,1.0,0,0.0
har,iid,fixed_conf,3,4,0.05,0.1,0.0,0.0,-1.0,10,0.9713999999999998,0.0342,0.0,0.5678137248941948,0.6912512640000001,23.061312000000008,0.0,0.0,0,0.0
har,iid,entropy,3,4,0.05,0.1,0.0,0.0,-1.0,10,0.9508,0.0455999999999999,0.3,0.147103918288923,0.1689571275264,6.500591330304002,3.8400000000000005e-06,0.0192,0,0.0
har,iid,learned_router,3,4,0.05,0.1,0.0,0.0,-1.0,10,0.9713999999999998,0.0342,0.0,0.5678137248941948,0.6912512640000001,23.061312000000008,0.0,0.0,0,0.0
har,iid,cost_static,3,4,0.05,0.1,0.0,0.0,-1.0,10,0.9436,0.044,0.4,0.1501259157490765,0.1504586745984,7.7604817799680035,1.228e-05,0.0614,0,0.0
har,iid,offline_crc,3,4,0.05,0.1,0.0,0.0,-1.0,10,0.9624,0.028,0.0,0.2156195428879655,0.2371326404736,10.063387081984,9.64e-06,0.0481999999999999,0,0.0
har,iid,online_naive,3,4,0.05,0.1,0.1,0.0,-1.0,10,0.9732,0.0104,0.0,0.67859948565576,0.6208554559103999,38.084496675072,7.812000000000002e-05,0.3303999999999999,9,0.0
har,iid,online_ipw,3,4,0.05,0.1,0.1,0.0,-1.0,10,0.9742,0.0042,0.0,0.7219451783289517,0.6316899183360001,41.994525915648005,9.408e-05,0.408,9,0.0
har,iid,codec,3,4,0.05,0.1,0.1,0.0,-1.0,10,0.9688,0.0164,0.0,0.5963556284090643,0.5443747494912,33.53325028147201,6.912000000000002e-05,0.2708,9,0.0
har,iid,codec_no_explore,3,4,0.05,0.1,0.0,0.0,-1.0,10,0.973,0.0158,0.0,0.6641912642427893,0.6913937984640001,32.983086229760005,4.460000000000001e-05,0.223,1,0.0
har,iid,codec_no_aci,3,4,0.05,0.1,0.1,0.0,-1.0,10,0.9716,0.008,0.0,0.709955800242592,0.6366431213567999,40.505358480384,8.664000000000001e-05,0.369,9,0.0
har,iid,codec_bonferroni,3,4,0.05,0.1,0.1,0.0,-1.0,10,0.9658,0.013,0.0,0.5220929905476475,0.4280002905216,31.849906336000004,7.900000000000001e-05,0.325,9,0.0
har,iid,codec_rawconf,3,4,0.05,0.1,0.1,0.0,-1.0,10,0.9716,0.0236,0.0,0.6879615093736086,0.6914289527040001,35.43016059136001,5.5600000000000017e-05,0.205,9,0.0
har,iid,codec_two_tier,3,4,0.05,0.1,0.1,0.0,-1.0,10,0.9578,0.0213999999999999,0.0,0.5044211642994005,0.34899153216,34.080683145728,0.00010088,0.45,9,0.0
har,shift,device_only,0,0,0.05,0.1,0.0,0.0,-1.0,13,0.842,0.1493846153846153,1.0,4.270439749907766e-05,4.031999999999999e-06,0.01344,0.0,0.0,0,0.0
har,shift,cloud_only,0,0,0.05,0.1,0.0,0.0,-1.0,13,0.9153846153846156,0.0,0.0,1.0,0.6918904319999999,67.55357312000001,0.0002,1.0,0,0.0
har,shift,fixed_conf,0,0,0.05,0.1,0.0,0.0,-1.0,13,0.9043076923076924,0.0658461538461538,0.6923076923076923,0.5678137248941947,0.691251264,23.061312000000004,0.0,0.0,0,0.0
har,shift,entropy,0,0,0.05,0.1,0.0,0.0,-1.0,13,0.9072307692307692,0.046,0.3846153846153846,0.2401862949260381,0.1661632120615384,16.233462738510774,4.803076923076923e-05,0.2401538461538461,0,0.0
har,shift,learned_router,0,0,0.05,0.1,0.0,0.0,-1.0,13,0.9043076923076924,0.0658461538461538,0.6923076923076923,0.5678137248941947,0.691251264,23.061312000000004,0.0,0.0,0,0.0
har,shift,cost_static,0,0,0.05,0.1,0.0,0.0,-1.0,13,0.905846153846154,0.0561538461538461,0.6153846153846154,0.201729946054799,0.220489209540923,9.485876862030771,9.538461538461542e-06,0.0476923076923077,0,0.0
har,shift,offline_crc,0,0,0.05,0.1,0.0,0.0,-1.0,13,0.9103076923076924,0.0341538461538461,0.3076923076923077,0.2448155931730394,0.2205529296738461,13.92141304753231,2.9476923076923075e-05,0.1473846153846154,0,0.0
har,shift,online_naive,0,0,0.05,0.1,0.1,0.0,-1.0,13,0.9192307692307692,0.0081538461538461,0.0,0.7006003914302895,0.5736534956898461,42.77149351699692,0.0001062769230769,0.4786153846153846,12,0.0
har,shift,online_ipw,0,0,0.05,0.1,0.1,0.0,-1.0,13,0.9150769230769228,0.0083076923076923,0.0,0.7324279950634719,0.6494329629932308,42.16467461592617,9.21846153846154e-05,0.398923076923077,12,0.0
har,shift,codec,0,0,0.05,0.1,0.1,0.0,-1.0,13,0.9183076923076924,0.0155384615384615,0.0,0.6968389153781988,0.6218702444012307,39.91153772878771,8.618461538461539e-05,0.3684615384615384,12,0.0
har,shift,codec_no_explore,0,0,0.05,0.1,0.0,0.0,-1.0,13,0.917846153846154,0.0052307692307692,0.0,0.6550717729287201,0.525257634432,40.56263067431386,0.0001036,0.518,1,0.0
har,shift,codec_no_aci,0,0,0.05,0.1,0.1,0.0,-1.0,13,0.9161538461538464,0.0072307692307692,0.0,0.7076261725808036,0.5772752487876922,43.30959437489231,0.0001081538461538,0.4876923076923077,12,0.0
har,shift,codec_bonferroni,0,0,0.05,0.1,0.1,0.0,-1.0,13,0.9126153846153848,0.0147692307692307,0.0769230769230769,0.5377195587330006,0.4418103085292307,32.75165474028308,8.098461538461539e-05,0.3401538461538461,11,0.0
har,shift,codec_rawconf,0,0,0.05,0.1,0.1,0.0,-1.0,13,0.912923076923077,0.0092307692307692,0.0769230769230769,0.9155654466770456,0.65320895424,60.83838225782154,0.0001756,0.8632307692307692,12,0.0
har,shift,codec_two_tier,0,0,0.05,0.1,0.1,0.0,-1.0,13,0.9124615384615384,0.023076923076923,0.1538461538461538,0.5114054814102242,0.3538240925538461,34.55242499859693,0.0001022769230769,0.4561538461538462,12,0.0
har,shift,device_only,0,1,0.05,0.1,0.0,0.0,-1.0,13,0.842,0.1493846153846153,1.0,4.270439749907766e-05,4.031999999999999e-06,0.01344,0.0,0.0,0,0.0
har,shift,cloud_only,0,1,0.05,0.1,0.0,0.0,-1.0,13,0.9153846153846156,0.0,0.0,1.0,0.6918904319999999,67.55357312000001,0.0002,1.0,0,0.0
har,shift,fixed_conf,0,1,0.05,0.1,0.0,0.0,-1.0,13,0.9043076923076924,0.0658461538461538,0.6923076923076923,0.5678137248941947,0.691251264,23.061312000000004,0.0,0.0,0,0.0
har,shift,entropy,0,1,0.05,0.1,0.0,0.0,-1.0,13,0.9072307692307692,0.046,0.3846153846153846,0.2401862949260381,0.1661632120615384,16.233462738510774,4.803076923076923e-05,0.2401538461538461,0,0.0
har,shift,learned_router,0,1,0.05,0.1,0.0,0.0,-1.0,13,0.9043076923076924,0.0658461538461538,0.6923076923076923,0.5678137248941947,0.691251264,23.061312000000004,0.0,0.0,0,0.0
har,shift,cost_static,0,1,0.05,0.1,0.0,0.0,-1.0,13,0.905846153846154,0.0561538461538461,0.6153846153846154,0.201729946054799,0.220489209540923,9.485876862030771,9.538461538461542e-06,0.0476923076923077,0,0.0
har,shift,offline_crc,0,1,0.05,0.1,0.0,0.0,-1.0,13,0.9103076923076924,0.0341538461538461,0.3076923076923077,0.2448155931730394,0.2205529296738461,13.92141304753231,2.9476923076923075e-05,0.1473846153846154,0,0.0
har,shift,online_naive,0,1,0.05,0.1,0.1,0.0,-1.0,13,0.9176923076923078,0.009076923076923,0.0,0.7001375278593591,0.5824687844233846,42.271781376393854,0.0001027076923076,0.4598461538461539,12,0.0
har,shift,online_ipw,0,1,0.05,0.1,0.1,0.0,-1.0,13,0.9176923076923076,0.0075384615384615,0.0,0.7455135053929429,0.6541258433870769,43.272140871876914,9.646153846153846e-05,0.4218461538461539,12,0.0
har,shift,codec,0,1,0.05,0.1,0.1,0.0,-1.0,13,0.9206153846153848,0.0163076923076923,0.0,0.692136354105071,0.6239876206080001,39.31849282284308,8.32e-05,0.3475384615384615,12,0.0
har,shift,codec_no_explore,0,1,0.05,0.1,0.0,0.0,-1.0,13,0.917846153846154,0.0052307692307692,0.0,0.6550717729287201,0.525257634432,40.56263067431386,0.0001036,0.518,1,0.0
har,shift,codec_no_aci,0,1,0.05,0.1,0.1,0.0,-1.0,13,0.9175384615384616,0.0123076923076923,0.0,0.6956747376372449,0.6101847026806153,40.39080715067077,9.009230769230773e-05,0.3918461538461538,12,0.0
har,shift,codec_bonferroni,0,1,0.05,0.1,0.1,0.0,-1.0,13,0.9150769230769232,0.0141538461538461,0.0769230769230769,0.5846782913930108,0.5073091486227692,34.23085262592001,7.781538461538463e-05,0.3235384615384615,11,0.0
har,shift,codec_rawconf,0,1,0.05,0.1,0.1,0.0,-1.0,13,0.9136923076923076,0.0101538461538461,0.0769230769230769,0.9421535293319924,0.6918048818215384,61.59845509316924,0.0001732307692307,0.8492307692307691,12,0.0
har,shift,codec_two_tier,0,1,0.05,0.1,0.1,0.0,-1.0,13,0.9136923076923076,0.018,0.0769230769230769,0.5641724587012484,0.3903344056615384,38.11646586939077,0.0001128307692307,0.5175384615384616,12,0.0
har,shift,device_only,0,2,0.05,0.1,0.0,0.0,-1.0,13,0.842,0.1493846153846153,1.0,4.270439749907766e-05,4.031999999999999e-06,0.01344,0.0,0.0,0,0.0
har,shift,cloud_only,0,2,0.05,0.1,0.0,0.0,-1.0,13,0.9153846153846156,0.0,0.0,1.0,0.6918904319999999,67.55357312000001,0.0002,1.0,0,0.0
har,shift,fixed_conf,0,2,0.05,0.1,0.0,0.0,-1.0,13,0.9043076923076924,0.0658461538461538,0.6923076923076923,0.5678137248941947,0.691251264,23.061312000000004,0.0,0.0,0,0.0
har,shift,entropy,0,2,0.05,0.1,0.0,0.0,-1.0,13,0.9072307692307692,0.046,0.3846153846153846,0.2401862949260381,0.1661632120615384,16.233462738510774,4.803076923076923e-05,0.2401538461538461,0,0.0
har,shift,learned_router,0,2,0.05,0.1,0.0,0.0,-1.0,13,0.9043076923076924,0.0658461538461538,0.6923076923076923,0.5678137248941947,0.691251264,23.061312000000004,0.0,0.0,0,0.0
har,shift,cost_static,0,2,0.05,0.1,0.0,0.0,-1.0,13,0.905846153846154,0.0561538461538461,0.6153846153846154,0.201729946054799,0.220489209540923,9.485876862030771,9.538461538461542e-06,0.0476923076923077,0,0.0
har,shift,offline_crc,0,2,0.05,0.1,0.0,0.0,-1.0,13,0.9103076923076924,0.0341538461538461,0.3076923076923077,0.2448155931730394,0.2205529296738461,13.92141304753231,2.9476923076923075e-05,0.1473846153846154,0,0.0
har,shift,online_naive,0,2,0.05,0.1,0.1,0.0,-1.0,13,0.9176923076923078,0.009076923076923,0.0,0.703825765252517,0.5853420857501537,42.50441795584,0.000103323076923,0.4598461538461539,12,0.0
har,shift,online_ipw,0,2,0.05,0.1,0.1,0.0,-1.0,13,0.916307692307692,0.0073846153846153,0.0,0.7500087221004245,0.6634795474412307,43.255615364529234,9.49846153846154e-05,0.4183076923076924,12,0.0
har,shift,codec,0,2,0.05,0.1,0.1,0.0,-1.0,13,0.9183076923076924,0.0155384615384615,0.0,0.6987971115862065,0.6230415224123076,40.05321626860309,8.664615384615388e-05,0.3684615384615384,12,0.0
har,shift,codec_no_explore,0,2,0.05,0.1,0.0,0.0,-1.0,13,0.917846153846154,0.0052307692307692,0.0,0.6550717729287201,0.525257634432,40.56263067431386,0.0001036,0.518,1,0.0
har,shift,codec_no_aci,0,2,0.05,0.1,0.1,0.0,-1.0,13,0.9164615384615384,0.0072307692307692,0.0,0.704729312750859,0.5713228380258462,43.31637699052307,0.0001090769230769,0.4978461538461539,12,0.0
har,shift,codec_bonferroni,0,2,0.05,0.1,0.1,0.0,-1.0,13,0.9150769230769232,0.0156923076923076,0.0,0.5713660683285698,0.4723442174916922,34.65230719389539,8.495384615384617e-05,0.3629230769230769,11,0.0
har,shift,codec_rawconf,0,2,0.05,0.1,0.1,0.0,-1.0,13,0.912923076923077,0.0092307692307692,0.0769230769230769,0.9160934556250322,0.6535283847581538,60.876399590203086,0.000175723076923,0.8632307692307692,12,0.0
har,shift,codec_two_tier,0,2,0.05,0.1,0.1,0.0,-1.0,13,0.9129230769230768,0.0226153846153846,0.1538461538461538,0.5290970335631916,0.3660651596307692,35.74736581533539,0.0001058153846153,0.4706153846153847,12,0.0
har,shift,device_only,0,3,0.05,0.1,0.0,0.0,-1.0,13,0.842,0.1493846153846153,1.0,4.270439749907766e-05,4.031999999999999e-06,0.01344,0.0,0.0,0,0.0
har,shift,cloud_only,0,3,0.05,0.1,0.0,0.0,-1.0,13,0.9153846153846156,0.0,0.0,1.0,0.6918904319999999,67.55357312000001,0.0002,1.0,0,0.0
har,shift,fixed_conf,0,3,0.05,0.1,0.0,0.0,-1.0,13,0.9043076923076924,0.0658461538461538,0.6923076923076923,0.5678137248941947,0.691251264,23.061312000000004,0.0,0.0,0,0.0
har,shift,entropy,0,3,0.05,0.1,0.0,0.0,-1.0,13,0.9072307692307692,0.046,0.3846153846153846,0.2401862949260381,0.1661632120615384,16.233462738510774,4.803076923076923e-05,0.2401538461538461,0,0.0
har,shift,learned_router,0,3,0.05,0.1,0.0,0.0,-1.0,13,0.9043076923076924,0.0658461538461538,0.6923076923076923,0.5678137248941947,0.691251264,23.061312000000004,0.0,0.0,0,0.0
har,shift,cost_static,0,3,0.05,0.1,0.0,0.0,-1.0,13,0.905846153846154,0.0561538461538461,0.6153846153846154,0.201729946054799,0.220489209540923,9.485876862030771,9.538461538461542e-06,0.0476923076923077,0,0.0
har,shift,offline_crc,0,3,0.05,0.1,0.0,0.0,-1.0,13,0.9103076923076924,0.0341538461538461,0.3076923076923077,0.2448155931730394,0.2205529296738461,13.92141304753231,2.9476923076923075e-05,0.1473846153846154,0,0.0
har,shift,online_naive,0,3,0.05,0.1,0.1,0.0,-1.0,13,0.9176923076923078,0.009076923076923,0.0,0.703666716962477,0.5838548188947693,42.56429579736616,0.0001038153846153,0.4598461538461539,12,0.0
har,shift,online_ipw,0,3,0.05,0.1,0.1,0.0,-1.0,13,0.9156923076923076,0.0055384615384615,0.0,0.7381814142608584,0.6357395374670769,43.459573594190765,0.0001000615384615,0.4493846153846155,12,0.0
har,shift,codec,0,3,0.05,0.1,0.1,0.0,-1.0,13,0.9196923076923078,0.0135384615384615,0.0,0.6926579069966163,0.6103926741267692,40.06934056763078,8.861538461538463e-05,0.3801538461538462,12,0.0
har,shift,codec_no_explore,0,3,0.05,0.1,0.0,0.0,-1.0,13,0.917846153846154,0.0052307692307692,0.0,0.6550717729287201,0.525257634432,40.56263067431386,0.0001036,0.518,1,0.0
har,shift,codec_no_aci,0,3,0.05,0.1,0.1,0.0,-1.0,13,0.9172307692307692,0.008,0.0,0.7024477137878958,0.5874643786338462,42.253621212356926,0.0001018769230769,0.4478461538461539,12,0.0
har,shift,codec_bonferroni,0,3,0.05,0.1,0.1,0.0,-1.0,13,0.9141538461538462,0.0166153846153846,0.0769230769230769,0.5229079198397538,0.4350967609698462,31.56997281831385,7.66769230769231e-05,0.3159999999999999,11,0.0
har,shift,codec_rawconf,0,3,0.05,0.1,0.1,0.0,-1.0,13,0.9158461538461538,0.0224615384615384,0.2307692307692307,0.8532561370525364,0.6916734098806153,52.44673922894769,0.0001320923076923,0.6241538461538461,12,0.0
har,shift,codec_two_tier,0,3,0.05,0.1,0.1,0.0,-1.0,13,0.9127692307692308,0.0243076923076923,0.1538461538461538,0.496483041768156,0.3434990185846154,33.54451839665232,9.929230769230772e-05,0.4403076923076924,12,0.0
har,shift,device_only,0,4,0.05,0.1,0.0,0.0,-1.0,13,0.842,0.1493846153846153,1.0,4.270439749907766e-05,4.031999999999999e-06,0.01344,0.0,0.0,0,0.0
har,shift,cloud_only,0,4,0.05,0.1,0.0,0.0,-1.0,13,0.9153846153846156,0.0,0.0,1.0,0.6918904319999999,67.55357312000001,0.0002,1.0,0,0.0
har,shift,fixed_conf,0,4,0.05,0.1,0.0,0.0,-1.0,13,0.9043076923076924,0.0658461538461538,0.6923076923076923,0.5678137248941947,0.691251264,23.061312000000004,0.0,0.0,0,0.0
har,shift,entropy,0,4,0.05,0.1,0.0,0.0,-1.0,13,0.9072307692307692,0.046,0.3846153846153846,0.2401862949260381,0.1661632120615384,16.233462738510774,4.803076923076923e-05,0.2401538461538461,0,0.0
har,shift,learned_router,0,4,0.05,0.1,0.0,0.0,-1.0,13,0.9043076923076924,0.0658461538461538,0.6923076923076923,0.5678137248941947,0.691251264,23.061312000000004,0.0,0.0,0,0.0
har,shift,cost_static,0,4,0.05,0.1,0.0,0.0,-1.0,13,0.905846153846154,0.0561538461538461,0.6153846153846154,0.201729946054799,0.220489209540923,9.485876862030771,9.538461538461542e-06,0.0476923076923077,0,0.0
har,shift,offline_crc,0,4,0.05,0.1,0.0,0.0,-1.0,13,0.9103076923076924,0.0341538461538461,0.3076923076923077,0.2448155931730394,0.2205529296738461,13.92141304753231,2.9476923076923075e-05,0.1473846153846154,0,0.0
har,shift,online_naive,0,4,0.05,0.1,0.1,0.0,-1.0,13,0.9172307692307692,0.008,0.0,0.6956305245533675,0.5849050994806153,41.68252898658461,9.969230769230772e-05,0.4407692307692308,12,0.0
har,shift,online_ipw,0,4,0.05,0.1,0.1,0.0,-1.0,13,0.9158461538461538,0.0053846153846153,0.0,0.7524624520366647,0.638734721220923,44.77726019347693,0.0001055384615384,0.4800000000000001,12,0.0
har,shift,codec,0,4,0.05,0.1,0.1,0.0,-1.0,13,0.9216923076923078,0.014,0.0,0.687330866060258,0.6110220951433846,39.4882587604677,8.590769230769235e-05,0.3670769230769231,12,0.0
har,shift,codec_no_explore,0,4,0.05,0.1,0.0,0.0,-1.0,13,0.917846153846154,0.0052307692307692,0.0,0.6550717729287201,0.525257634432,40.56263067431386,0.0001036,0.518,1,0.0
har,shift,codec_no_aci,0,4,0.05,0.1,0.1,0.0,-1.0,13,0.9152307692307692,0.0084615384615384,0.0,0.7143052214512771,0.5676194209181538,44.492816081723085,0.000114923076923,0.5266153846153846,12,0.0
har,shift,codec_bonferroni,0,4,0.05,0.1,0.1,0.0,-1.0,13,0.913846153846154,0.0156923076923076,0.0769230769230769,0.5620456298990493,0.4895375136886154,32.81045905368616,7.409230769230772e-05,0.3038461538461539,11,0.0
har,shift,codec_rawconf,0,4,0.05,0.1,0.1,0.0,-1.0,13,0.912923076923077,0.0092307692307692,0.0769230769230769,0.9153203450839636,0.6533148083003076,60.80770326803694,0.0001754461538461,0.8632307692307692,12,0.0
har,shift,codec_two_tier,0,4,0.05,0.1,0.1,0.0,-1.0,13,0.9130769230769232,0.0207692307692307,0.1538461538461538,0.5606341482706549,0.3878861922461538,37.877477706043074,0.000112123076923,0.5181538461538462,12,0.0
har,shift,device_only,1,0,0.05,0.1,0.0,0.0,-1.0,13,0.8615384615384616,0.13,1.0,4.270439749907766e-05,4.031999999999999e-06,0.01344,0.0,0.0,0,0.0
har,shift,cloud_only,1,0,0.05,0.1,0.0,0.0,-1.0,13,0.913076923076923,0.0,0.0,1.0,0.6918904319999999,67.55357312000001,0.0002,1.0,0,0.0
har,shift,fixed_conf,1,0,0.05,0.1,0.0,0.0,-1.0,13,0.8926153846153847,0.0678461538461538,0.7692307692307693,0.1449595924678923,0.1002743379692307,9.80156390754462,2.8984615384615382e-05,0.1449230769230769,0,0.0
har,shift,entropy,1,0,0.05,0.1,0.0,0.0,-1.0,13,0.8980000000000001,0.0681538461538461,0.8461538461538461,0.13758937880047,0.1517784625624615,6.401257230966156,5.96923076923077e-06,0.0298461538461538,0,0.0
har,shift,learned_router,1,0,0.05,0.1,0.0,0.0,-1.0,13,0.8958461538461537,0.065076923076923,0.7692307692307693,0.5678137248941947,0.691251264,23.061312000000004,0.0,0.0,0,0.0
har,shift,cost_static,1,0,0.05,0.1,0.0,0.0,-1.0,13,0.8953846153846153,0.069076923076923,0.8461538461538461,0.1221650955768889,0.1209528531396923,6.392867081255388,1.0553846153846152e-05,0.0527692307692307,0,0.0
har,shift,offline_crc,1,0,0.05,0.1,0.0,0.0,-1.0,13,0.9016923076923076,0.0581538461538461,0.7692307692307693,0.1777831554901257,0.1960239887556923,8.273328907421542,7.753846153846153e-06,0.0387692307692307,0,0.0
har,shift,online_naive,1,0,0.05,0.1,0.1,0.0,-1.0,13,0.9139999999999998,0.015076923076923,0.0769230769230769,0.6744501324941723,0.5860421574203077,39.44216031566769,8.944615384615387e-05,0.3860000000000001,12,0.0
har,shift,online_ipw,1,0,0.05,0.1,0.1,0.0,-1.0,13,0.9124615384615384,0.0064615384615384,0.0,0.7396010135383229,0.6717490458387692,41.75934434697847,8.701538461538465e-05,0.3730769230769231,12,0.0
har,shift,codec,1,0,0.05,0.1,0.1,0.0,-1.0,13,0.9106153846153846,0.0153846153846153,0.0769230769230769,0.6822919899192923,0.6026235359704615,39.39979744098462,8.676923076923077e-05,0.3709230769230769,12,0.0
har,shift,codec_no_explore,1,0,0.05,0.1,0.0,0.0,-1.0,13,0.9156923076923076,0.0123076923076923,0.0,0.5610956670224716,0.3882055244307692,37.9086500751754,0.0001122153846153,0.561076923076923,1,0.0
har,shift,codec_no_aci,1,0,0.05,0.1,0.1,0.0,-1.0,13,0.9112307692307692,0.0141538461538461,0.0769230769230769,0.7040966423369776,0.6517278272492307,39.12822451968,7.81846153846154e-05,0.3232307692307692,12,0.0
har,shift,codec_bonferroni,1,0,0.05,0.1,0.1,0.0,-1.0,13,0.9124615384615384,0.0161538461538461,0.0,0.5159121435755073,0.4272263904295384,31.25282195416616,7.643076923076924e-05,0.3090769230769231,11,0.0
har,shift,codec_rawconf,1,0,0.05,0.1,0.1,0.0,-1.0,13,0.9076923076923076,0.009076923076923,0.0769230769230769,0.9410896861932704,0.6918033084849231,61.48893568118155,0.0001727384615384,0.8495384615384616,12,0.0
har,shift,codec_two_tier,1,0,0.05,0.1,0.1,0.0,-1.0,13,0.9093846153846152,0.0261538461538461,0.0769230769230769,0.4940216084251346,0.3417959136,33.378265761280005,9.880000000000002e-05,0.434,12,0.0
har,shift,device_only,1,1,0.05,0.1,0.0,0.0,-1.0,13,0.8615384615384616,0.13,1.0,4.270439749907766e-05,4.031999999999999e-06,0.01344,0.0,0.0,0,0.0
har,shift,cloud_only,1,1,0.05,0.1,0.0,0.0,-1.0,13,0.913076923076923,0.0,0.0,1.0,0.6918904319999999,67.55357312000001,0.0002,1.0,0,0.0
har,shift,fixed_conf,1,1,0.05,0.1,0.0,0.0,-1.0,13,0.8926153846153847,0.0678461538461538,0.7692307692307693,0.1449595924678923,0.1002743379692307,9.80156390754462,2.8984615384615382e-05,0.1449230769230769,0,0.0
har,shift,entropy,1,1,0.05,0.1,0.0,0.0,-1.0,13,0.8980000000000001,0.0681538461538461,0.8461538461538461,0.13758937880047,0.1517784625624615,6.401257230966156,5.96923076923077e-06,0.0298461538461538,0,0.0
har,shift,learned_router,1,1,0.05,0.1,0.0,0.0,-1.0,13,0.8958461538461537,0.065076923076923,0.7692307692307693,0.5678137248941947,0.691251264,23.061312000000004,0.0,0.0,0,0.0
har,shift,cost_static,1,1,0.05,0.1,0.0,0.0,-1.0,13,0.8953846153846153,0.069076923076923,0.8461538461538461,0.1221650955768889,0.1209528531396923,6.392867081255388,1.0553846153846152e-05,0.0527692307692307,0,0.0
har,shift,offline_crc,1,1,0.05,0.1,0.0,0.0,-1.0,13,0.9016923076923076,0.0581538461538461,0.7692307692307693,0.1777831554901257,0.1960239887556923,8.273328907421542,7.753846153846153e-06,0.0387692307692307,0,0.0
har,shift,online_naive,1,1,0.05,0.1,0.1,0.0,-1.0,13,0.9139999999999998,0.0147692307692307,0.0769230769230769,0.6789558153482435,0.5873234195003076,39.84064832216617,9.104615384615384e-05,0.3964615384615385,12,0.0
har,shift,online_ipw,1,1,0.05,0.1,0.1,0.0,-1.0,13,0.9110769230769228,0.006,0.0,0.7361854366582212,0.6286200770363077,43.61901108972309,0.0001018461538461,0.4535384615384614,12,0.0
har,shift,codec,1,1,0.05,0.1,0.1,0.0,-1.0,13,0.9106153846153846,0.0141538461538461,0.0769230769230769,0.6833010807259671,0.6016690794239999,39.55269901056,8.760000000000002e-05,0.3763076923076923,12,0.0
har,shift,codec_no_explore,1,1,0.05,0.1,0.0,0.0,-1.0,13,0.9156923076923076,0.0123076923076923,0.0,0.5610956670224716,0.3882055244307692,37.9086500751754,0.0001122153846153,0.561076923076923,1,0.0
har,shift,codec_no_aci,1,1,0.05,0.1,0.1,0.0,-1.0,13,0.9126153846153848,0.0121538461538461,0.0769230769230769,0.6958767760280158,0.6190009747495384,39.95954464256,8.683076923076926e-05,0.3743076923076923,12,0.0
har,shift,codec_bonferroni,1,1,0.05,0.1,0.1,0.0,-1.0,13,0.9133846153846152,0.0155384615384615,0.0,0.5128731576585533,0.4256286478375385,31.02166551276308,7.563076923076926e-05,0.3127692307692307,11,0.0
har,shift,codec_rawconf,1,1,0.05,0.1,0.1,0.0,-1.0,13,0.908153846153846,0.007076923076923,0.0769230769230769,0.9713427254506766,0.691848050244923,64.60339395958155,0.0001867384615384,0.9253846153846156,12,0.0
har,shift,codec_two_tier,1,1,0.05,0.1,0.1,0.0,-1.0,13,0.9095384615384614,0.0243076923076923,0.0,0.5200204981107995,0.3597849599999999,35.134309222400006,0.000104,0.4596923076923077,12,0.0
har,shift,device_only,1,2,0.05,0.1,0.0,0.0,-1.0,13,0.8615384615384616,0.13,1.0,4.270439749907766e-05,4.031999999999999e-06,0.01344,0.0,0.0,0,0.0
har,shift,cloud_only,1,2,0.05,0.1,0.0,0.0,-1.0,13,0.913076923076923,0.0,0.0,1.0,0.6918904319999999,67.55357312000001,0.0002,1.0,0,0.0
har,shift,fixed_conf,1,2,0.05,0.1,0.0,0.0,-1.0,13,0.8926153846153847,0.0678461538461538,0.7692307692307693,0.1449595924678923,0.1002743379692307,9.80156390754462,2.8984615384615382e-05,0.1449230769230769,0,0.0
har,shift,entropy,1,2,0.05,0.1,0.0,0.0,-1.0,13,0.8980000000000001,0.0681538461538461,0.8461538461538461,0.13758937880047,0.1517784625624615,6.401257230966156,5.96923076923077e-06,0.0298461538461538,0,0.0
har,shift,learned_router,1,2,0.05,0.1,0.0,0.0,-1.0,13,0.8958461538461537,0.065076923076923,0.7692307692307693,0.5678137248941947,0.691251264,23.061312000000004,0.0,0.0,0,0.0
har,shift,cost_static,1,2,0.05,0.1,0.0,0.0,-1.0,13,0.8953846153846153,0.069076923076923,0.8461538461538461,0.1221650955768889,0.1209528531396923,6.392867081255388,1.0553846153846152e-05,0.0527692307692307,0,0.0
har,shift,offline_crc,1,2,0.05,0.1,0.0,0.0,-1.0,13,0.9016923076923076,0.0581538461538461,0.7692307692307693,0.1777831554901257,0.1960239887556923,8.273328907421542,7.753846153846153e-06,0.0387692307692307,0,0.0
har,shift,online_naive,1,2,0.05,0.1,0.1,0.0,-1.0,13,0.9139999999999998,0.015076923076923,0.0769230769230769,0.6764265713571314,0.5893377933193846,39.47678634023385,8.910769230769232e-05,0.3860000000000001,12,0.0
har,shift,online_ipw,1,2,0.05,0.1,0.1,0.0,-1.0,13,0.9104615384615384,0.0075384615384615,0.0,0.7331764312603415,0.6281907607827691,43.33102925390769,0.0001006153846153,0.4483076923076922,12,0.0
har,shift,codec,1,2,0.05,0.1,0.1,0.0,-1.0,13,0.9152307692307692,0.012,0.0,0.6764670911243754,0.5661826463409231,40.668300624147705,9.793846153846157e-05,0.4335384615384616,12,0.0
har,shift,codec_no_explore,1,2,0.05,0.1,0.0,0.0,-1.0,13,0.9156923076923076,0.0123076923076923,0.0,0.5610956670224716,0.3882055244307692,37.9086500751754,0.0001122153846153,0.561076923076923,1,0.0
har,shift,codec_no_aci,1,2,0.05,0.1,0.1,0.0,-1.0,13,0.9112307692307692,0.0129230769230769,0.0769230769230769,0.6976980304879221,0.6313247875052307,39.51524010594461,8.298461538461542e-05,0.349076923076923,12,0.0
har,shift,codec_bonferroni,1,2,0.05,0.1,0.1,0.0,-1.0,13,0.9133846153846152,0.0116923076923076,0.0,0.5653259022564847,0.4696798709464615,34.16665366390154,8.31692307692308e-05,0.3501538461538461,11,0.0
har,shift,codec_rawconf,1,2,0.05,0.1,0.1,0.0,-1.0,13,0.9076923076923076,0.009076923076923,0.0769230769230769,0.9424859803128428,0.6918053734892309,61.6326799094154,0.0001733846153846,0.8495384615384616,12,0.0
har,shift,codec_two_tier,1,2,0.05,0.1,0.1,0.0,-1.0,13,0.9133846153846156,0.0175384615384615,0.0769230769230769,0.5632494211976153,0.3896957412923077,38.05412113112615,0.0001126461538461,0.5129230769230769,12,0.0
har,shift,device_only,1,3,0.05,0.1,0.0,0.0,-1.0,13,0.8615384615384616,0.13,1.0,4.270439749907766e-05,4.031999999999999e-06,0.01344,0.0,0.0,0,0.0
har,shift,cloud_only,1,3,0.05,0.1,0.0,0.0,-1.0,13,0.913076923076923,0.0,0.0,1.0,0.6918904319999999,67.55357312000001,0.0002,1.0,0,0.0
har,shift,fixed_conf,1,3,0.05,0.1,0.0,0.0,-1.0,13,0.8926153846153847,0.0678461538461538,0.7692307692307693,0.1449595924678923,0.1002743379692307,9.80156390754462,2.8984615384615382e-05,0.1449230769230769,0,0.0
har,shift,entropy,1,3,0.05,0.1,0.0,0.0,-1.0,13,0.8980000000000001,0.0681538461538461,0.8461538461538461,0.13758937880047,0.1517784625624615,6.401257230966156,5.96923076923077e-06,0.0298461538461538,0,0.0
har,shift,learned_router,1,3,0.05,0.1,0.0,0.0,-1.0,13,0.8958461538461537,0.065076923076923,0.7692307692307693,0.5678137248941947,0.691251264,23.061312000000004,0.0,0.0,0,0.0
har,shift,cost_static,1,3,0.05,0.1,0.0,0.0,-1.0,13,0.8953846153846153,0.069076923076923,0.8461538461538461,0.1221650955768889,0.1209528531396923,6.392867081255388,1.0553846153846152e-05,0.0527692307692307,0,0.0
har,shift,offline_crc,1,3,0.05,0.1,0.0,0.0,-1.0,13,0.9016923076923076,0.0581538461538461,0.7692307692307693,0.1777831554901257,0.1960239887556923,8.273328907421542,7.753846153846153e-06,0.0387692307692307,0,0.0
har,shift,online_naive,1,3,0.05,0.1,0.1,0.0,-1.0,13,0.9139999999999998,0.015076923076923,0.0769230769230769,0.6739612253927356,0.5879533321846153,39.29379133124924,8.849230769230773e-05,0.3860000000000001,12,0.0
har,shift,online_ipw,1,3,0.05,0.1,0.1,0.0,-1.0,13,0.9104615384615384,0.0075384615384615,0.0,0.7454339568807294,0.6587992537403076,43.02430440448001,9.464615384615386e-05,0.4138461538461537,12,0.0
har,shift,codec,1,3,0.05,0.1,0.1,0.0,-1.0,13,0.9103076923076922,0.015076923076923,0.0769230769230769,0.6861718970254055,0.6007173762166155,39.897259551113855,8.929230769230771e-05,0.3789230769230768,12,0.0
har,shift,codec_no_explore,1,3,0.05,0.1,0.0,0.0,-1.0,13,0.9156923076923076,0.0123076923076923,0.0,0.5610956670224716,0.3882055244307692,37.9086500751754,0.0001122153846153,0.561076923076923,1,0.0
har,shift,codec_no_aci,1,3,0.05,0.1,0.1,0.0,-1.0,13,0.9119999999999998,0.0109230769230769,0.0769230769230769,0.7014671124780206,0.6312241451224614,39.90870214793846,8.476923076923078e-05,0.3581538461538462,12,0.0
har,shift,codec_bonferroni,1,3,0.05,0.1,0.1,0.0,-1.0,13,0.9129230769230768,0.019076923076923,0.0769230769230769,0.5322634500256762,0.442120889028923,32.17362538023385,7.833846153846154e-05,0.3246153846153846,12,0.0
har,shift,codec_rawconf,1,3,0.05,0.1,0.1,0.0,-1.0,13,0.9070769230769232,0.0163076923076923,0.1538461538461538,0.8843070586639844,0.691719331643077,55.64333706633848,0.0001464615384615,0.7023076923076924,12,0.0
har,shift,codec_two_tier,1,3,0.05,0.1,0.1,0.0,-1.0,13,0.9144615384615384,0.015076923076923,0.0,0.5724797962339462,0.3960823849846153,38.67756851377231,0.0001144923076923,0.5253846153846154,12,0.0
har,shift,device_only,1,4,0.05,0.1,0.0,0.0,-1.0,13,0.8615384615384616,0.13,1.0,4.270439749907766e-05,4.031999999999999e-06,0.01344,0.0,0.0,0,0.0
har,shift,cloud_only,1,4,0.05,0.1,0.0,0.0,-1.0,13,0.913076923076923,0.0,0.0,1.0,0.6918904319999999,67.55357312000001,0.0002,1.0,0,0.0
har,shift,fixed_conf,1,4,0.05,0.1,0.0,0.0,-1.0,13,0.8926153846153847,0.0678461538461538,0.7692307692307693,0.1449595924678923,0.1002743379692307,9.80156390754462,2.8984615384615382e-05,0.1449230769230769,0,0.0
har,shift,entropy,1,4,0.05,0.1,0.0,0.0,-1.0,13,0.8980000000000001,0.0681538461538461,0.8461538461538461,0.13758937880047,0.1517784625624615,6.401257230966156,5.96923076923077e-06,0.0298461538461538,0,0.0
har,shift,learned_router,1,4,0.05,0.1,0.0,0.0,-1.0,13,0.8958461538461537,0.065076923076923,0.7692307692307693,0.5678137248941947,0.691251264,23.061312000000004,0.0,0.0,0,0.0
har,shift,cost_static,1,4,0.05,0.1,0.0,0.0,-1.0,13,0.8953846153846153,0.069076923076923,0.8461538461538461,0.1221650955768889,0.1209528531396923,6.392867081255388,1.0553846153846152e-05,0.0527692307692307,0,0.0
har,shift,offline_crc,1,4,0.05,0.1,0.0,0.0,-1.0,13,0.9016923076923076,0.0581538461538461,0.7692307692307693,0.1777831554901257,0.1960239887556923,8.273328907421542,7.753846153846153e-06,0.0387692307692307,0,0.0
har,shift,online_naive,1,4,0.05,0.1,0.1,0.0,-1.0,13,0.9139999999999998,0.0147692307692307,0.0769230769230769,0.6760915282068269,0.5859383683643077,39.61658353368615,9.024615384615384e-05,0.3964615384615385,12,0.0
har,shift,online_ipw,1,4,0.05,0.1,0.1,0.0,-1.0,13,0.9104615384615384,0.0081538461538461,0.0,0.7314568074873937,0.6292503830547691,43.09953395180308,9.941538461538464e-05,0.4396923076923076,12,0.0
har,shift,codec,1,4,0.05,0.1,0.1,0.0,-1.0,13,0.9096923076923076,0.0184615384615384,0.1538461538461538,0.6896253771361038,0.6227093085341538,39.125353713821546,8.252307692307694e-05,0.3512307692307692,12,0.0
har,shift,codec_no_explore,1,4,0.05,0.1,0.0,0.0,-1.0,13,0.9156923076923076,0.0123076923076923,0.0,0.5610956670224716,0.3882055244307692,37.9086500751754,0.0001122153846153,0.561076923076923,1,0.0
har,shift,codec_no_aci,1,4,0.05,0.1,0.1,0.0,-1.0,13,0.9106153846153846,0.0107692307692307,0.0,0.7123297131651433,0.6472789083766154,40.204548229907694,8.36923076923077e-05,0.3587692307692307,11,0.0
har,shift,codec_bonferroni,1,4,0.05,0.1,0.1,0.0,-1.0,13,0.9127692307692308,0.0132307692307692,0.0,0.5436801762928722,0.4491480654276923,32.98947180288001,8.095384615384615e-05,0.3429230769230769,11,0.0
har,shift,codec_rawconf,1,4,0.05,0.1,0.1,0.0,-1.0,13,0.9067692307692308,0.0124615384615384,0.0769230769230769,0.9132302939979884,0.6917621067323078,58.62089607975386,0.0001598461538461,0.7752307692307693,12,0.0
har,shift,codec_two_tier,1,4,0.05,0.1,0.1,0.0,-1.0,13,0.9116923076923076,0.0235384615384615,0.0769230769230769,0.5038673417972207,0.3486083335384615,34.04327630276924,0.0001007692307692,0.448923076923077,12,0.0
har,shift,device_only,2,0,0.05,0.1,0.0,0.0,-1.0,13,0.850153846153846,0.1332307692307692,1.0,4.270439749907766e-05,4.031999999999999e-06,0.01344,0.0,0.0,0,0.0
har,shift,cloud_only,2,0,0.05,0.1,0.0,0.0,-1.0,13,0.9043076923076924,0.0,0.0,1.0,0.6918904319999999,67.55357312000001,0.0002,1.0,0,0.0
har,shift,fixed_conf,2,0,0.05,0.1,0.0,0.0,-1.0,13,0.9083076923076924,0.0636923076923077,0.7692307692307693,0.5678137248941947,0.691251264,23.061312000000004,0.0,0.0,0,0.0
har,shift,entropy,2,0,0.05,0.1,0.0,0.0,-1.0,13,0.9015384615384614,0.0661538461538461,0.7692307692307693,0.1431288999069954,0.1573099154215384,6.688314655704617,6.43076923076923e-06,0.0321538461538461,0,0.0
har,shift,learned_router,2,0,0.05,0.1,0.0,0.0,-1.0,13,0.9083076923076924,0.0636923076923077,0.7692307692307693,0.5678137248941947,0.691251264,23.061312000000004,0.0,0.0,0,0.0
har,shift,cost_static,2,0,0.05,0.1,0.0,0.0,-1.0,13,0.8999999999999999,0.0749230769230769,0.9230769230769232,0.1845246113650408,0.224606209536,7.502225486769232,0.0,0.0,0,0.0
har,shift,offline_crc,2,0,0.05,0.1,0.0,0.0,-1.0,13,0.9019999999999998,0.0592307692307692,0.6153846153846154,0.1998173564841693,0.2246288262498461,9.07656703409231,7.076923076923077e-06,0.0353846153846153,0,0.0
har,shift,online_naive,2,0,0.05,0.1,0.1,0.0,-1.0,13,0.905846153846154,0.0101538461538461,0.0,0.7038399734501268,0.6148703063926153,40.99174612617847,9.209230769230772e-05,0.404923076923077,12,0.0
har,shift,online_ipw,2,0,0.05,0.1,0.1,0.0,-1.0,13,0.907692307692308,0.0061538461538461,0.0,0.7256227142634208,0.607998445824,43.58823722811077,0.0001048,0.4744615384615385,12,0.0
har,shift,codec,2,0,0.05,0.1,0.1,0.0,-1.0,13,0.9067692307692308,0.0113846153846153,0.0,0.6989445925824778,0.5875654143507693,41.887539023360006,0.0001002153846153,0.444,12,0.0
har,shift,codec_no_explore,2,0,0.05,0.1,0.0,0.0,-1.0,13,0.9076923076923078,0.0049230769230769,0.0,0.6245749281629588,0.5270182133760001,37.33048240128001,8.88e-05,0.444,1,0.0
har,shift,codec_no_aci,2,0,0.05,0.1,0.1,0.0,-1.0,13,0.9075384615384614,0.0087692307692307,0.0,0.7064696251450509,0.6082887696147692,41.60014543872,9.581538461538464e-05,0.4246153846153847,12,0.0
har,shift,codec_bonferroni,2,0,0.05,0.1,0.1,0.0,-1.0,13,0.9072307692307692,0.0133846153846153,0.0,0.5837057346306254,0.5016782333833847,34.41939680216616,7.950769230769232e-05,0.3278461538461538,11,0.0
har,shift,codec_rawconf,2,0,0.05,0.1,0.1,0.0,-1.0,13,0.9098461538461536,0.0175384615384615,0.1538461538461538,0.8547854115644495,0.6916756715519999,52.60417338368002,0.0001328,0.627076923076923,12,0.0
har,shift,codec_two_tier,2,0,0.05,0.1,0.1,0.0,-1.0,13,0.8998461538461539,0.0224615384615384,0.0,0.5020212667899545,0.3473310047999999,33.91858682624001,0.0001004,0.4412307692307692,12,0.0
har,shift,device_only,2,1,0.05,0.1,0.0,0.0,-1.0,13,0.850153846153846,0.1332307692307692,1.0,4.270439749907766e-05,4.031999999999999e-06,0.01344,0.0,0.0,0,0.0
har,shift,cloud_only,2,1,0.05,0.1,0.0,0.0,-1.0,13,0.9043076923076924,0.0,0.0,1.0,0.6918904319999999,67.55357312000001,0.0002,1.0,0,0.0
har,shift,fixed_conf,2,1,0.05,0.1,0.0,0.0,-1.0,13,0.9083076923076924,0.0636923076923077,0.7692307692307693,0.5678137248941947,0.691251264,23.061312000000004,0.0,0.0,0,0.0
har,shift,entropy,2,1,0.05,0.1,0.0,0.0,-1.0,13,0.9015384615384614,0.0661538461538461,0.7692307692307693,0.1431288999069954,0.1573099154215384,6.688314655704617,6.43076923076923e-06,0.0321538461538461,0,0.0
har,shift,learned_router,2,1,0.05,0.1,0.0,0.0,-1.0,13,0.9083076923076924,0.0636923076923077,0.7692307692307693,0.5678137248941947,0.691251264,23.061312000000004,0.0,0.0,0,0.0
har,shift,cost_static,2,1,0.05,0.1,0.0,0.0,-1.0,13,0.8999999999999999,0.0749230769230769,0.9230769230769232,0.1845246113650408,0.224606209536,7.502225486769232,0.0,0.0,0,0.0
har,shift,offline_crc,2,1,0.05,0.1,0.0,0.0,-1.0,13,0.9019999999999998,0.0592307692307692,0.6153846153846154,0.1998173564841693,0.2246288262498461,9.07656703409231,7.076923076923077e-06,0.0353846153846153,0,0.0
har,shift,online_naive,2,1,0.05,0.1,0.1,0.0,-1.0,13,0.905846153846154,0.0101538461538461,0.0,0.7052493015185493,0.6156159064910768,41.09870647040001,9.246153846153848e-05,0.404923076923077,12,0.0
har,shift,online_ipw,2,1,0.05,0.1,0.1,0.0,-1.0,13,0.9073846153846156,0.004,0.0,0.7265679801449599,0.5941916928886154,44.39359798921846,0.0001104923076923,0.5052307692307693,12,0.0
har,shift,codec,2,1,0.05,0.1,0.1,0.0,-1.0,13,0.9095384615384616,0.0129230769230769,0.0,0.6979289238833944,0.6016907128024614,41.05859092539078,9.43692307692308e-05,0.4167692307692308,12,0.0
har,shift,codec_no_explore,2,1,0.05,0.1,0.0,0.0,-1.0,13,0.9076923076923078,0.0049230769230769,0.0,0.6245749281629588,0.5270182133760001,37.33048240128001,8.88e-05,0.444,1,0.0
har,shift,codec_no_aci,2,1,0.05,0.1,0.1,0.0,-1.0,13,0.9067692307692308,0.0083076923076923,0.0,0.7129257520659616,0.5951274660627692,42.94015340228923,0.0001038153846153,0.4653846153846154,12,0.0
har,shift,codec_bonferroni,2,1,0.05,0.1,0.1,0.0,-1.0,13,0.9087692307692308,0.013076923076923,0.0,0.5931864199661393,0.5093398458092308,35.00325454336,8.09846153846154e-05,0.344,11,0.0
har,shift,codec_rawconf,2,1,0.05,0.1,0.1,0.0,-1.0,13,0.9073846153846152,0.0144615384615384,0.1538461538461538,0.8842405684678144,0.6917192333095384,55.63649210308923,0.0001464307692307,0.7027692307692307,12,0.0
har,shift,codec_two_tier,2,1,0.05,0.1,0.1,0.0,-1.0,13,0.8999999999999999,0.0187692307692307,0.0,0.5514037732343243,0.3814995485538462,37.254030323396925,0.0001102769230769,0.5015384615384616,12,0.0
har,shift,device_only,2,2,0.05,0.1,0.0,0.0,-1.0,13,0.850153846153846,0.1332307692307692,1.0,4.270439749907766e-05,4.031999999999999e-06,0.01344,0.0,0.0,0,0.0
har,shift,cloud_only,2,2,0.05,0.1,0.0,0.0,-1.0,13,0.9043076923076924,0.0,0.0,1.0,0.6918904319999999,67.55357312000001,0.0002,1.0,0,0.0
har,shift,fixed_conf,2,2,0.05,0.1,0.0,0.0,-1.0,13,0.9083076923076924,0.0636923076923077,0.7692307692307693,0.5678137248941947,0.691251264,23.061312000000004,0.0,0.0,0,0.0
har,shift,entropy,2,2,0.05,0.1,0.0,0.0,-1.0,13,0.9015384615384614,0.0661538461538461,0.7692307692307693,0.1431288999069954,0.1573099154215384,6.688314655704617,6.43076923076923e-06,0.0321538461538461,0,0.0
har,shift,learned_router,2,2,0.05,0.1,0.0,0.0,-1.0,13,0.9083076923076924,0.0636923076923077,0.7692307692307693,0.5678137248941947,0.691251264,23.061312000000004,0.0,0.0,0,0.0
har,shift,cost_static,2,2,0.05,0.1,0.0,0.0,-1.0,13,0.8999999999999999,0.0749230769230769,0.9230769230769232,0.1845246113650408,0.224606209536,7.502225486769232,0.0,0.0,0,0.0
har,shift,offline_crc,2,2,0.05,0.1,0.0,0.0,-1.0,13,0.9019999999999998,0.0592307692307692,0.6153846153846154,0.1998173564841693,0.2246288262498461,9.07656703409231,7.076923076923077e-06,0.0353846153846153,0,0.0
har,shift,online_naive,2,2,0.05,0.1,0.1,0.0,-1.0,13,0.905846153846154,0.0101538461538461,0.0,0.7072987597357001,0.6165748863803078,41.260673210289234,9.304615384615388e-05,0.404923076923077,12,0.0
har,shift,online_ipw,2,2,0.05,0.1,0.1,0.0,-1.0,13,0.9092307692307692,0.0098461538461538,0.0,0.7236944254729069,0.6242467254941537,42.55640712940309,9.772307692307692e-05,0.4269230769230769,12,0.0
har,shift,codec,2,2,0.05,0.1,0.1,0.0,-1.0,13,0.9087692307692308,0.0136923076923076,0.0,0.6960007081944608,0.6016878611298461,40.86008699116308,9.34769230769231e-05,0.4069230769230769,12,0.0
har,shift,codec_no_explore,2,2,0.05,0.1,0.0,0.0,-1.0,13,0.9076923076923078,0.0049230769230769,0.0,0.6245749281629588,0.5270182133760001,37.33048240128001,8.88e-05,0.444,1,0.0
har,shift,codec_no_aci,2,2,0.05,0.1,0.1,0.0,-1.0,13,0.9064615384615384,0.0076923076923076,0.0,0.7114981082410075,0.6085086394190768,42.10691940883692,9.806153846153848e-05,0.4398461538461539,12,0.0
har,shift,codec_bonferroni,2,2,0.05,0.1,0.1,0.0,-1.0,13,0.906,0.0156923076923076,0.0,0.5291645030705738,0.4381862937599999,32.05611972765539,7.840000000000002e-05,0.3218461538461538,11,0.0
har,shift,codec_rawconf,2,2,0.05,0.1,0.1,0.0,-1.0,13,0.9095384615384616,0.0181538461538461,0.1538461538461538,0.8562481958801922,0.691677834889846,52.754762575163085,0.0001334769230769,0.6281538461538462,12,0.0
har,shift,codec_two_tier,2,2,0.05,0.1,0.1,0.0,-1.0,13,0.9027692307692308,0.0193846153846153,0.0,0.5190974606071665,0.3591462956307693,35.071964484135385,0.0001038153846153,0.4633846153846154,12,0.0
har,shift,device_only,2,3,0.05,0.1,0.0,0.0,-1.0,13,0.850153846153846,0.1332307692307692,1.0,4.270439749907766e-05,4.031999999999999e-06,0.01344,0.0,0.0,0,0.0
har,shift,cloud_only,2,3,0.05,0.1,0.0,0.0,-1.0,13,0.9043076923076924,0.0,0.0,1.0,0.6918904319999999,67.55357312000001,0.0002,1.0,0,0.0
har,shift,fixed_conf,2,3,0.05,0.1,0.0,0.0,-1.0,13,0.9083076923076924,0.0636923076923077,0.7692307692307693,0.5678137248941947,0.691251264,23.061312000000004,0.0,0.0,0,0.0
har,shift,entropy,2,3,0.05,0.1,0.0,0.0,-1.0,13,0.9015384615384614,0.0661538461538461,0.7692307692307693,0.1431288999069954,0.1573099154215384,6.688314655704617,6.43076923076923e-06,0.0321538461538461,0,0.0
har,shift,learned_router,2,3,0.05,0.1,0.0,0.0,-1.0,13,0.9083076923076924,0.0636923076923077,0.7692307692307693,0.5678137248941947,0.691251264,23.061312000000004,0.0,0.0,0,0.0
har,shift,cost_static,2,3,0.05,0.1,0.0,0.0,-1.0,13,0.8999999999999999,0.0749230769230769,0.9230769230769232,0.1845246113650408,0.224606209536,7.502225486769232,0.0,0.0,0,0.0
har,shift,offline_crc,2,3,0.05,0.1,0.0,0.0,-1.0,13,0.9019999999999998,0.0592307692307692,0.6153846153846154,0.1998173564841693,0.2246288262498461,9.07656703409231,7.076923076923077e-06,0.0353846153846153,0,0.0
har,shift,online_naive,2,3,0.05,0.1,0.1,0.0,-1.0,13,0.906,0.0103076923076923,0.0,0.7037421822829619,0.6174193588578463,40.85096217403078,9.107692307692308e-05,0.3967692307692308,12,0.0
har,shift,online_ipw,2,3,0.05,0.1,0.1,0.0,-1.0,13,0.9084615384615388,0.0072307692307692,0.0,0.7200819945409423,0.5790993511975384,44.499292360861546,0.0001132307692307,0.5232307692307694,12,0.0
har,shift,codec,2,3,0.05,0.1,0.1,0.0,-1.0,13,0.9096923076923076,0.014,0.0,0.6941077060978961,0.5988172148086154,40.812264419446166,9.369230769230772e-05,0.408923076923077,12,0.0
har,shift,codec_no_explore,2,3,0.05,0.1,0.0,0.0,-1.0,13,0.9076923076923078,0.0049230769230769,0.0,0.6245749281629588,0.5270182133760001,37.33048240128001,8.88e-05,0.444,1,0.0
har,shift,codec_no_aci,2,3,0.05,0.1,0.1,0.0,-1.0,13,0.9053846153846152,0.0069230769230769,0.0,0.7142138863405538,0.5840828503827691,43.63920171716924,0.0001086153846153,0.4901538461538461,12,0.0
har,shift,codec_bonferroni,2,3,0.05,0.1,0.1,0.0,-1.0,13,0.906,0.0116923076923076,0.0,0.5640873116078384,0.4802996937156922,33.49449182267077,7.855384615384617e-05,0.3306153846153846,11,0.0
har,shift,codec_rawconf,2,3,0.05,0.1,0.1,0.0,-1.0,13,0.9072307692307692,0.013076923076923,0.1538461538461538,0.9141611567443702,0.6917634834018462,58.716725565243095,0.0001602769230769,0.7763076923076923,12,0.0
har,shift,codec_two_tier,2,3,0.05,0.1,0.1,0.0,-1.0,13,0.9010769230769232,0.0132307692307692,0.0,0.6018631567662658,0.4164132007384615,40.66220934852923,0.0001203692307692,0.5660000000000001,12,0.0
har,shift,device_only,2,4,0.05,0.1,0.0,0.0,-1.0,13,0.850153846153846,0.1332307692307692,1.0,4.270439749907766e-05,4.031999999999999e-06,0.01344,0.0,0.0,0,0.0
har,shift,cloud_only,2,4,0.05,0.1,0.0,0.0,-1.0,13,0.9043076923076924,0.0,0.0,1.0,0.6918904319999999,67.55357312000001,0.0002,1.0,0,0.0
har,shift,fixed_conf,2,4,0.05,0.1,0.0,0.0,-1.0,13,0.9083076923076924,0.0636923076923077,0.7692307692307693,0.5678137248941947,0.691251264,23.061312000000004,0.0,0.0,0,0.0
har,shift,entropy,2,4,0.05,0.1,0.0,0.0,-1.0,13,0.9015384615384614,0.0661538461538461,0.7692307692307693,0.1431288999069954,0.1573099154215384,6.688314655704617,6.43076923076923e-06,0.0321538461538461,0,0.0
har,shift,learned_router,2,4,0.05,0.1,0.0,0.0,-1.0,13,0.9083076923076924,0.0636923076923077,0.7692307692307693,0.5678137248941947,0.691251264,23.061312000000004,0.0,0.0,0,0.0
har,shift,cost_static,2,4,0.05,0.1,0.0,0.0,-1.0,13,0.8999999999999999,0.0749230769230769,0.9230769230769232,0.1845246113650408,0.224606209536,7.502225486769232,0.0,0.0,0,0.0
har,shift,offline_crc,2,4,0.05,0.1,0.0,0.0,-1.0,13,0.9019999999999998,0.0592307692307692,0.6153846153846154,0.1998173564841693,0.2246288262498461,9.07656703409231,7.076923076923077e-06,0.0353846153846153,0,0.0
har,shift,online_naive,2,4,0.05,0.1,0.1,0.0,-1.0,13,0.9067692307692308,0.011076923076923,0.0,0.7069440803769436,0.6310198120172307,40.48343237120001,8.738461538461539e-05,0.3743076923076924,12,0.0
har,shift,online_ipw,2,4,0.05,0.1,0.1,0.0,-1.0,13,0.909538461538462,0.0067692307692307,0.0,0.7244455025736172,0.5955693690092307,44.10429053400616,0.0001089846153846,0.4932307692307693,12,0.0
har,shift,codec,2,4,0.05,0.1,0.1,0.0,-1.0,13,0.9073846153846152,0.0104615384615384,0.0,0.708570044908842,0.5834372043323076,43.09086458820923,0.0001062461538461,0.4798461538461538,12,0.0
har,shift,codec_no_explore,2,4,0.05,0.1,0.0,0.0,-1.0,13,0.9076923076923078,0.0049230769230769,0.0,0.6245749281629588,0.5270182133760001,37.33048240128001,8.88e-05,0.444,1,0.0
har,shift,codec_no_aci,2,4,0.05,0.1,0.1,0.0,-1.0,13,0.9076923076923076,0.0092307692307692,0.0,0.7123520390118231,0.6111653159483076,42.05866580539077,9.744615384615386e-05,0.4201538461538462,12,0.0
har,shift,codec_bonferroni,2,4,0.05,0.1,0.1,0.0,-1.0,13,0.907846153846154,0.014,0.0,0.5692969982701606,0.4838125444135385,33.85107780962461,7.963076923076925e-05,0.3263076923076923,11,0.0
har,shift,codec_rawconf,2,4,0.05,0.1,0.1,0.0,-1.0,13,0.9098461538461536,0.0175384615384615,0.1538461538461538,0.8553838233299808,0.691676556553846,52.66577805292308,0.0001330769230769,0.627076923076923,12,0.0
har,shift,codec_two_tier,2,4,0.05,0.1,0.1,0.0,-1.0,13,0.9010769230769232,0.0236923076923076,0.0,0.4897141000748469,0.3388154798769231,33.08732364937846,9.793846153846158e-05,0.4370769230769231,12,0.0
har,shift,device_only,3,0,0.05,0.1,0.0,0.0,-1.0,13,0.8478461538461539,0.1367692307692308,1.0,4.270439749907766e-05,4.031999999999999e-06,0.01344,0.0,0.0,0,0.0
har,shift,cloud_only,3,0,0.05,0.1,0.0,0.0,-1.0,13,0.916,0.0,0.0,1.0,0.6918904319999999,67.55357312000001,0.0002,1.0,0,0.0
har,shift,fixed_conf,3,0,0.05,0.1,0.0,0.0,-1.0,13,0.8992307692307693,0.0589230769230769,0.6153846153846154,0.1715738404893127,0.1186891606153846,11.599170527507694,3.430769230769231e-05,0.1715384615384615,0,0.0
har,shift,entropy,3,0,0.05,0.1,0.0,0.0,-1.0,13,0.9124615384615384,0.0367692307692307,0.1538461538461538,0.2686466179547247,0.1858553634461539,18.15575883500308,5.372307692307693e-05,0.2686153846153846,0,0.0
har,shift,learned_router,3,0,0.05,0.1,0.0,0.0,-1.0,13,0.8986153846153845,0.0604615384615384,0.6153846153846154,0.16526641754782,0.1143249540923077,11.173148149366154,3.304615384615384e-05,0.1652307692307692,0,0.0
har,shift,cost_static,3,0,0.05,0.1,0.0,0.0,-1.0,13,0.9030769230769232,0.0581538461538461,0.6153846153846154,0.150841884498697,0.1302361032073846,8.871207333415386,2.0307692307692308e-05,0.1015384615384615,0,0.0
har,shift,offline_crc,3,0,0.05,0.1,0.0,0.0,-1.0,13,0.9116923076923076,0.0493846153846153,0.2307692307692307,0.2156993920413533,0.2235901490215384,10.766039508283082,1.4830769230769231e-05,0.0741538461538461,0,0.0
har,shift,online_naive,3,0,0.05,0.1,0.1,0.0,-1.0,13,0.9196923076923078,0.0166153846153846,0.0769230769230769,0.707464288449375,0.6265594864541537,40.765740344516935,8.932307692307694e-05,0.386,12,0.0
har,shift,online_ipw,3,0,0.05,0.1,0.1,0.0,-1.0,13,0.9178461538461538,0.0076923076923076,0.0,0.7236488919371094,0.6026846994313846,43.65736458200616,0.0001059076923076,0.4744615384615384,12,0.0
har,shift,codec,3,0,0.05,0.1,0.1,0.0,-1.0,13,0.9173846153846154,0.018,0.1538461538461538,0.7054734951856457,0.6262378925981539,40.57713382065231,8.852307692307695e-05,0.3784615384615384,12,0.0
har,shift,codec_no_explore,3,0,0.05,0.1,0.0,0.0,-1.0,13,0.9213846153846156,0.026,0.0769230769230769,0.6732006858238411,0.6914071226584615,33.91057875003078,4.876923076923077e-05,0.2438461538461538,1,0.0
har,shift,codec_no_aci,3,0,0.05,0.1,0.1,0.0,-1.0,13,0.9153846153846156,0.0141538461538461,0.1538461538461538,0.7268364356303205,0.6192591946338462,43.13585427987693,0.0001010769230769,0.4541538461538461,12,0.0
har,shift,codec_bonferroni,3,0,0.05,0.1,0.1,0.0,-1.0,13,0.9147692307692308,0.0144615384615384,0.0,0.6274276480106066,0.4914398895950768,39.448747786043086,0.0001036615384615,0.4644615384615384,11,0.0
har,shift,codec_rawconf,3,0,0.05,0.1,0.1,0.0,-1.0,13,0.9224615384615386,0.0206153846153846,0.1538461538461538,0.7884416196106111,0.6056483692799999,50.180522387495394,0.0001348,0.6349230769230767,12,0.0
har,shift,codec_two_tier,3,0,0.05,0.1,0.1,0.0,-1.0,13,0.9118461538461538,0.025076923076923,0.0769230769230769,0.484483554220926,0.3351963817846153,32.73403679921232,9.689230769230772e-05,0.4281538461538461,12,0.0
har,shift,device_only,3,1,0.05,0.1,0.0,0.0,-1.0,13,0.8478461538461539,0.1367692307692308,1.0,4.270439749907766e-05,4.031999999999999e-06,0.01344,0.0,0.0,0,0.0
har,shift,cloud_only,3,1,0.05,0.1,0.0,0.0,-1.0,13,0.916,0.0,0.0,1.0,0.6918904319999999,67.55357312000001,0.0002,1.0,0,0.0
har,shift,fixed_conf,3,1,0.05,0.1,0.0,0.0,-1.0,13,0.8992307692307693,0.0589230769230769,0.6153846153846154,0.1715738404893127,0.1186891606153846,11.599170527507694,3.430769230769231e-05,0.1715384615384615,0,0.0
har,shift,entropy,3,1,0.05,0.1,0.0,0.0,-1.0,13,0.9124615384615384,0.0367692307692307,0.1538461538461538,0.2686466179547247,0.1858553634461539,18.15575883500308,5.372307692307693e-05,0.2686153846153846,0,0.0
har,shift,learned_router,3,1,0.05,0.1,0.0,0.0,-1.0,13,0.8986153846153845,0.0604615384615384,0.6153846153846154,0.16526641754782,0.1143249540923077,11.173148149366154,3.304615384615384e-05,0.1652307692307692,0,0.0
har,shift,cost_static,3,1,0.05,0.1,0.0,0.0,-1.0,13,0.9030769230769232,0.0581538461538461,0.6153846153846154,0.150841884498697,0.1302361032073846,8.871207333415386,2.0307692307692308e-05,0.1015384615384615,0,0.0
har,shift,offline_crc,3,1,0.05,0.1,0.0,0.0,-1.0,13,0.9116923076923076,0.0493846153846153,0.2307692307692307,0.2156993920413533,0.2235901490215384,10.766039508283082,1.4830769230769231e-05,0.0741538461538461,0,0.0
har,shift,online_naive,3,1,0.05,0.1,0.1,0.0,-1.0,13,0.9196923076923078,0.0166153846153846,0.0769230769230769,0.7082582581820422,0.6268793103064616,40.831137529895386,8.956923076923077e-05,0.386,12,0.0
har,shift,online_ipw,3,1,0.05,0.1,0.1,0.0,-1.0,13,0.9187692307692308,0.0076923076923076,0.0,0.741784870068508,0.6473224701341537,43.23686694931693,9.732307692307696e-05,0.4306153846153846,12,0.0
har,shift,codec,3,1,0.05,0.1,0.1,0.0,-1.0,13,0.922153846153846,0.023076923076923,0.1538461538461538,0.636294003055964,0.5599626740086153,36.84850209378463,8.169230769230771e-05,0.3464615384615385,12,0.0
har,shift,codec_no_explore,3,1,0.05,0.1,0.0,0.0,-1.0,13,0.9213846153846156,0.026,0.0769230769230769,0.6732006858238411,0.6914071226584615,33.91057875003078,4.876923076923077e-05,0.2438461538461538,1,0.0
har,shift,codec_no_aci,3,1,0.05,0.1,0.1,0.0,-1.0,13,0.922153846153846,0.0196923076923076,0.0769230769230769,0.7004931865293276,0.6401448945821537,39.35093116455385,8.092307692307694e-05,0.3395384615384615,12,0.0
har,shift,codec_bonferroni,3,1,0.05,0.1,0.1,0.0,-1.0,13,0.9147692307692308,0.0206153846153846,0.0769230769230769,0.5546106850968595,0.4398171747544615,34.59402878404923,8.956923076923077e-05,0.3906153846153846,10,0.0
har,shift,codec_rawconf,3,1,0.05,0.1,0.1,0.0,-1.0,13,0.916769230769231,0.0118461538461538,0.0769230769230769,0.9138287057635196,0.6917629917341538,58.68250074899693,0.000160123076923,0.777076923076923,12,0.0
har,shift,codec_two_tier,3,1,0.05,0.1,0.1,0.0,-1.0,13,0.912,0.0243076923076923,0.0769230769230769,0.4978675980236056,0.3444570151384615,33.638035504049235,9.95692307692308e-05,0.4436923076923076,12,0.0
har,shift,device_only,3,2,0.05,0.1,0.0,0.0,-1.0,13,0.8478461538461539,0.1367692307692308,1.0,4.270439749907766e-05,4.031999999999999e-06,0.01344,0.0,0.0,0,0.0
har,shift,cloud_only,3,2,0.05,0.1,0.0,0.0,-1.0,13,0.916,0.0,0.0,1.0,0.6918904319999999,67.55357312000001,0.0002,1.0,0,0.0
har,shift,fixed_conf,3,2,0.05,0.1,0.0,0.0,-1.0,13,0.8992307692307693,0.0589230769230769,0.6153846153846154,0.1715738404893127,0.1186891606153846,11.599170527507694,3.430769230769231e-05,0.1715384615384615,0,0.0
har,shift,entropy,3,2,0.05,0.1,0.0,0.0,-1.0,13,0.9124615384615384,0.0367692307692307,0.1538461538461538,0.2686466179547247,0.1858553634461539,18.15575883500308,5.372307692307693e-05,0.2686153846153846,0,0.0
har,shift,learned_router,3,2,0.05,0.1,0.0,0.0,-1.0,13,0.8986153846153845,0.0604615384615384,0.6153846153846154,0.16526641754782,0.1143249540923077,11.173148149366154,3.304615384615384e-05,0.1652307692307692,0,0.0
har,shift,cost_static,3,2,0.05,0.1,0.0,0.0,-1.0,13,0.9030769230769232,0.0581538461538461,0.6153846153846154,0.150841884498697,0.1302361032073846,8.871207333415386,2.0307692307692308e-05,0.1015384615384615,0,0.0
har,shift,offline_crc,3,2,0.05,0.1,0.0,0.0,-1.0,13,0.9116923076923076,0.0493846153846153,0.2307692307692307,0.2156993920413533,0.2235901490215384,10.766039508283082,1.4830769230769231e-05,0.0741538461538461,0,0.0
har,shift,online_naive,3,2,0.05,0.1,0.1,0.0,-1.0,13,0.9196923076923078,0.0166153846153846,0.0769230769230769,0.7080131565889604,0.6269851643667692,40.80045854011077,8.941538461538465e-05,0.386,12,0.0
har,shift,online_ipw,3,2,0.05,0.1,0.1,0.0,-1.0,13,0.9187692307692308,0.0073846153846153,0.0,0.746376606225621,0.6470106112984614,43.725911787126165,9.95692307692308e-05,0.4369230769230769,12,0.0
har,shift,codec,3,2,0.05,0.1,0.1,0.0,-1.0,13,0.9184615384615388,0.0193846153846153,0.1538461538461538,0.7034461922448204,0.6270846267470769,40.32485693912616,8.726153846153846e-05,0.3752307692307692,12,0.0
har,shift,codec_no_explore,3,2,0.05,0.1,0.0,0.0,-1.0,13,0.9213846153846156,0.026,0.0769230769230769,0.6732006858238411,0.6914071226584615,33.91057875003078,4.876923076923077e-05,0.2438461538461538,1,0.0
har,shift,codec_no_aci,3,2,0.05,0.1,0.1,0.0,-1.0,13,0.919846153846154,0.0127692307692307,0.0769230769230769,0.7150155594800024,0.6108506054399999,42.34920670897232,9.880000000000002e-05,0.4359999999999999,12,0.0
har,shift,codec_bonferroni,3,2,0.05,0.1,0.1,0.0,-1.0,13,0.916923076923077,0.0176923076923076,0.0,0.5650313057718438,0.4593764303556922,34.6646389767877,8.695384615384619e-05,0.3715384615384615,11,0.0
har,shift,codec_rawconf,3,2,0.05,0.1,0.1,0.0,-1.0,13,0.9173846153846154,0.0124615384615384,0.1538461538461538,0.9132302939979884,0.6917621067323076,58.62089607975385,0.0001598461538461,0.7775384615384614,12,0.0
har,shift,codec_two_tier,3,2,0.05,0.1,0.1,0.0,-1.0,13,0.912923076923077,0.0189230769230769,0.0769230769230769,0.5747873899930289,0.3976790459076922,38.83343035943385,0.0001149538461538,0.5253846153846153,12,0.0
har,shift,device_only,3,3,0.05,0.1,0.0,0.0,-1.0,13,0.8478461538461539,0.1367692307692308,1.0,4.270439749907766e-05,4.031999999999999e-06,0.01344,0.0,0.0,0,0.0
har,shift,cloud_only,3,3,0.05,0.1,0.0,0.0,-1.0,13,0.916,0.0,0.0,1.0,0.6918904319999999,67.55357312000001,0.0002,1.0,0,0.0
har,shift,fixed_conf,3,3,0.05,0.1,0.0,0.0,-1.0,13,0.8992307692307693,0.0589230769230769,0.6153846153846154,0.1715738404893127,0.1186891606153846,11.599170527507694,3.430769230769231e-05,0.1715384615384615,0,0.0
har,shift,entropy,3,3,0.05,0.1,0.0,0.0,-1.0,13,0.9124615384615384,0.0367692307692307,0.1538461538461538,0.2686466179547247,0.1858553634461539,18.15575883500308,5.372307692307693e-05,0.2686153846153846,0,0.0
har,shift,learned_router,3,3,0.05,0.1,0.0,0.0,-1.0,13,0.8986153846153845,0.0604615384615384,0.6153846153846154,0.16526641754782,0.1143249540923077,11.173148149366154,3.304615384615384e-05,0.1652307692307692,0,0.0
har,shift,cost_static,3,3,0.05,0.1,0.0,0.0,-1.0,13,0.9030769230769232,0.0581538461538461,0.6153846153846154,0.150841884498697,0.1302361032073846,8.871207333415386,2.0307692307692308e-05,0.1015384615384615,0,0.0
har,shift,offline_crc,3,3,0.05,0.1,0.0,0.0,-1.0,13,0.9116923076923076,0.0493846153846153,0.2307692307692307,0.2156993920413533,0.2235901490215384,10.766039508283082,1.4830769230769231e-05,0.0741538461538461,0,0.0
har,shift,online_naive,3,3,0.05,0.1,0.1,0.0,-1.0,13,0.9196923076923078,0.0166153846153846,0.0769230769230769,0.7076559337951368,0.6271970691544616,40.75279048704,8.91692307692308e-05,0.386,12,0.0
har,shift,online_ipw,3,3,0.05,0.1,0.1,0.0,-1.0,13,0.9193846153846154,0.0086153846153846,0.0,0.7243828275300477,0.6169188019495384,43.00308639172924,0.0001008307692307,0.4443076923076922,12,0.0
har,shift,codec,3,3,0.05,0.1,0.1,0.0,-1.0,13,0.922153846153846,0.0209230769230769,0.1538461538461538,0.694494860676407,0.6106078239212308,40.24755630178462,8.93846153846154e-05,0.3843076923076923,12,0.0
har,shift,codec_no_explore,3,3,0.05,0.1,0.0,0.0,-1.0,13,0.9213846153846156,0.026,0.0769230769230769,0.6732006858238411,0.6914071226584615,33.91057875003078,4.876923076923077e-05,0.2438461538461538,1,0.0
har,shift,codec_no_aci,3,3,0.05,0.1,0.1,0.0,-1.0,13,0.919846153846154,0.018,0.1538461538461538,0.7040758806141526,0.6299534047310769,40.2426252091077,8.646153846153846e-05,0.3703076923076923,12,0.0
har,shift,codec_bonferroni,3,3,0.05,0.1,0.1,0.0,-1.0,13,0.9143076923076924,0.0207692307692307,0.0769230769230769,0.5430152743311711,0.4491470820923077,32.921022170387694,8.064615384615386e-05,0.3372307692307693,11,0.0
har,shift,codec_rawconf,3,3,0.05,0.1,0.1,0.0,-1.0,13,0.9209230769230772,0.0178461538461538,0.0769230769230769,0.7922132937701635,0.6089466601846153,50.399962419790775,0.0001352923076923,0.6435384615384614,12,0.0
har,shift,codec_two_tier,3,3,0.05,0.1,0.1,0.0,-1.0,13,0.9130769230769232,0.0281538461538461,0.0769230769230769,0.4680227187394695,0.3238068672,31.622222300160008,9.36e-05,0.4152307692307692,12,0.0
har,shift,device_only,3,4,0.05,0.1,0.0,0.0,-1.0,13,0.8478461538461539,0.1367692307692308,1.0,4.270439749907766e-05,4.031999999999999e-06,0.01344,0.0,0.0,0,0.0
har,shift,cloud_only,3,4,0.05,0.1,0.0,0.0,-1.0,13,0.916,0.0,0.0,1.0,0.6918904319999999,67.55357312000001,0.0002,1.0,0,0.0
har,shift,fixed_conf,3,4,0.05,0.1,0.0,0.0,-1.0,13,0.8992307692307693,0.0589230769230769,0.6153846153846154,0.1715738404893127,0.1186891606153846,11.599170527507694,3.430769230769231e-05,0.1715384615384615,0,0.0
har,shift,entropy,3,4,0.05,0.1,0.0,0.0,-1.0,13,0.9124615384615384,0.0367692307692307,0.1538461538461538,0.2686466179547247,0.1858553634461539,18.15575883500308,5.372307692307693e-05,0.2686153846153846,0,0.0
har,shift,learned_router,3,4,0.05,0.1,0.0,0.0,-1.0,13,0.8986153846153845,0.0604615384615384,0.6153846153846154,0.16526641754782,0.1143249540923077,11.173148149366154,3.304615384615384e-05,0.1652307692307692,0,0.0
har,shift,cost_static,3,4,0.05,0.1,0.0,0.0,-1.0,13,0.9030769230769232,0.0581538461538461,0.6153846153846154,0.150841884498697,0.1302361032073846,8.871207333415386,2.0307692307692308e-05,0.1015384615384615,0,0.0
har,shift,offline_crc,3,4,0.05,0.1,0.0,0.0,-1.0,13,0.9116923076923076,0.0493846153846153,0.2307692307692307,0.2156993920413533,0.2235901490215384,10.766039508283082,1.4830769230769231e-05,0.0741538461538461,0,0.0
har,shift,online_naive,3,4,0.05,0.1,0.1,0.0,-1.0,13,0.9196923076923078,0.0166153846153846,0.0769230769230769,0.7082543455606678,0.6271979541563076,40.81439515628309,8.944615384615386e-05,0.386,12,0.0
har,shift,online_ipw,3,4,0.05,0.1,0.1,0.0,-1.0,13,0.9170769230769232,0.0063076923076923,0.0,0.7549865360560624,0.6245054370461538,45.76694158296616,0.000112123076923,0.5121538461538461,12,0.0
har,shift,codec,3,4,0.05,0.1,0.1,0.0,-1.0,13,0.922,0.0149230769230769,0.0769230769230769,0.709655872753535,0.6231637981735385,41.16564614144,9.163076923076924e-05,0.4001538461538461,12,0.0
har,shift,codec_no_explore,3,4,0.05,0.1,0.0,0.0,-1.0,13,0.9213846153846156,0.026,0.0769230769230769,0.6732006858238411,0.6914071226584615,33.91057875003078,4.876923076923077e-05,0.2438461538461538,1,0.0
har,shift,codec_no_aci,3,4,0.05,0.1,0.1,0.0,-1.0,13,0.9150769230769232,0.0138461538461538,0.1538461538461538,0.7356274715583536,0.6217151763987692,43.91559453991385,0.0001042153846153,0.4675384615384615,12,0.0
har,shift,codec_bonferroni,3,4,0.05,0.1,0.1,0.0,-1.0,13,0.917076923076923,0.0176923076923076,0.0,0.5642634770384569,0.444292545348923,35.35900018786462,9.233846153846157e-05,0.4007692307692307,11,0.0
har,shift,codec_rawconf,3,4,0.05,0.1,0.1,0.0,-1.0,13,0.9152307692307692,0.011076923076923,0.0769230769230769,0.910836646935864,0.691758566724923,58.37447740278154,0.0001587384615384,0.7735384615384615,12,0.0
har,shift,codec_two_tier,3,4,0.05,0.1,0.1,0.0,-1.0,13,0.9133846153846156,0.0193846153846153,0.0769230769230769,0.5666338920442701,0.3920375106461539,38.28271850476308,0.000113323076923,0.5156923076923078,12,0.0
gas,iid,device_only,0,0,0.05,0.1,0.0,0.0,-1.0,13,0.9715384615384616,0.0273846153846153,0.0,7.841053839511646e-05,3.6e-06,0.012,0.0,0.0,0,0.0
gas,iid,cloud_only,0,0,0.05,0.1,0.0,0.0,-1.0,13,0.9927692307692306,0.0,0.0,1.0,0.0770405279999999,43.59972992,0.0002,1.0,0,0.0
gas,iid,fixed_conf,0,0,0.05,0.1,0.0,0.0,-1.0,13,0.9715384615384616,0.0273846153846153,0.0,7.841053839511646e-05,3.6e-06,0.012,0.0,0.0,0,0.0
gas,iid,entropy,0,0,0.05,0.1,0.0,0.0,-1.0,13,0.9715384615384616,0.0273846153846153,0.0,7.841053839511646e-05,3.6e-06,0.012,0.0,0.0,0,0.0
gas,iid,learned_router,0,0,0.05,0.1,0.0,0.0,-1.0,13,0.9715384615384616,0.0273846153846153,0.0,7.841053839511646e-05,3.6e-06,0.012,0.0,0.0,0,0.0
gas,iid,cost_static,0,0,0.05,0.1,0.0,0.0,-1.0,13,0.9715384615384616,0.0273846153846153,0.0,7.841053839511646e-05,3.6e-06,0.012,0.0,0.0,0,0.0
gas,iid,offline_crc,0,0,0.05,0.1,0.0,0.0,-1.0,13,0.9715384615384616,0.0273846153846153,0.0,7.841053839511646e-05,3.6e-06,0.012,0.0,0.0,0,0.0
gas,iid,online_naive,0,0,0.05,0.1,0.1,0.0,-1.0,13,0.9747692307692304,0.0232307692307692,0.0,0.2430736444172682,0.018776597316923,10.577189966769229,4.846153846153846e-05,0.1538461538461538,12,0.0
gas,iid,online_ipw,0,0,0.05,0.1,0.1,0.0,-1.0,13,0.9913846153846154,0.0043076923076923,0.0,0.5699061937229515,0.0616105845267692,15.558781712147692,6.57846153846154e-05,0.2543076923076923,12,0.0
gas,iid,codec,0,0,0.05,0.1,0.1,0.0,-1.0,13,0.9813846153846152,0.0166153846153846,0.0,0.2474398919458246,0.0198860625230769,10.36177934572308,4.723076923076925e-05,0.1546153846153846,12,0.0
gas,iid,codec_no_explore,0,0,0.05,0.1,0.0,0.0,-1.0,13,0.9746153846153844,0.0233846153846153,0.0,0.1539125012247958,0.011855435076923,6.717804603076924,3.076923076923078e-05,0.1538461538461538,1,0.0
gas,iid,codec_no_aci,0,0,0.05,0.1,0.1,0.0,-1.0,13,0.9763076923076924,0.0215384615384615,0.0,0.2463082065679901,0.0193200282092307,10.563764672984616,4.830769230769232e-05,0.1538461538461538,12,0.0
gas,iid,codec_bonferroni,0,0,0.05,0.1,0.1,0.0,-1.0,13,0.985846153846154,0.0112307692307692,0.0,0.2793759344482229,0.0238003554756923,10.990873983212309,4.966153846153848e-05,0.1684615384615384,11,0.0
gas,iid,codec_rawconf,0,0,0.05,0.1,0.1,0.0,-1.0,13,0.9750769230769232,0.0227692307692307,0.0,0.2405210942812395,0.0185280182252307,10.493172594609232,4.809230769230772e-05,0.1544615384615384,12,0.0
gas,iid,codec_two_tier,0,0,0.05,0.1,0.1,0.0,-1.0,13,0.9789230769230768,0.0186153846153846,0.0,0.2499049738131099,0.019250980164923,10.90222667539692,4.996923076923078e-05,0.1672307692307692,12,0.0
gas,iid,device_only,0,1,0.05,0.1,0.0,0.0,-1.0,13,0.9715384615384616,0.0273846153846153,0.0,7.841053839511646e-05,3.6e-06,0.012,0.0,0.0,0,0.0
gas,iid,cloud_only,0,1,0.05,0.1,0.0,0.0,-1.0,13,0.9927692307692306,0.0,0.0,1.0,0.0770405279999999,43.59972992,0.0002,1.0,0,0.0
gas,iid,fixed_conf,0,1,0.05,0.1,0.0,0.0,-1.0,13,0.9715384615384616,0.0273846153846153,0.0,7.841053839511646e-05,3.6e-06,0.012,0.0,0.0,0,0.0
gas,iid,entropy,0,1,0.05,0.1,0.0,0.0,-1.0,13,0.9715384615384616,0.0273846153846153,0.0,7.841053839511646e-05,3.6e-06,0.012,0.0,0.0,0,0.0
gas,iid,learned_router,0,1,0.05,0.1,0.0,0.0,-1.0,13,0.9715384615384616,0.0273846153846153,0.0,7.841053839511646e-05,3.6e-06,0.012,0.0,0.0,0,0.0
gas,iid,cost_static,0,1,0.05,0.1,0.0,0.0,-1.0,13,0.9715384615384616,0.0273846153846153,0.0,7.841053839511646e-05,3.6e-06,0.012,0.0,0.0,0,0.0
gas,iid,offline_crc,0,1,0.05,0.1,0.0,0.0,-1.0,13,0.9715384615384616,0.0273846153846153,0.0,7.841053839511646e-05,3.6e-06,0.012,0.0,0.0,0,0.0
gas,iid,online_naive,0,1,0.05,0.1,0.1,0.0,-1.0,13,0.975076923076923,0.0229230769230769,0.0,0.2382294580761691,0.0184091560467692,10.36299841024,4.747692307692308e-05,0.1538461538461538,12,0.0
gas,iid,online_ipw,0,1,0.05,0.1,0.1,0.0,-1.0,13,0.9915384615384616,0.0043076923076923,0.0,0.5851268049930274,0.0619120722018461,16.679480516135385,7.120000000000002e-05,0.2823076923076923,12,0.0
gas,iid,codec,0,1,0.05,0.1,0.1,0.0,-1.0,13,0.9749230769230768,0.023076923076923,0.0,0.2411459557371205,0.0186107747741538,10.50224354382769,4.812307692307693e-05,0.1538461538461538,12,0.0
gas,iid,codec_no_explore,0,1,0.05,0.1,0.0,0.0,-1.0,13,0.9746153846153844,0.0233846153846153,0.0,0.1539125012247958,0.011855435076923,6.717804603076924,3.076923076923078e-05,0.1538461538461538,1,0.0
gas,iid,codec_no_aci,0,1,0.05,0.1,0.1,0.0,-1.0,13,0.979846153846154,0.017076923076923,0.0,0.3209345451961341,0.0284848457944615,12.024287850732309,5.3938461538461554e-05,0.1935384615384615,12,0.0
gas,iid,codec_bonferroni,0,1,0.05,0.1,0.1,0.0,-1.0,13,0.9818461538461538,0.016,0.0,0.2575756341753811,0.0211631037932307,10.543207453144616,4.790769230769232e-05,0.1564615384615384,11,0.0
gas,iid,codec_rawconf,0,1,0.05,0.1,0.1,0.0,-1.0,13,0.9784615384615384,0.0196923076923076,0.0,0.2503705223314767,0.0195810780258461,10.76809689875692,4.926153846153847e-05,0.1593846153846153,12,0.0
gas,iid,codec_two_tier,0,1,0.05,0.1,0.1,0.0,-1.0,13,0.9798461538461536,0.0173846153846153,0.0,0.2472897942714411,0.0190494989686153,10.788227997144617,4.9446153846153855e-05,0.1686153846153845,12,0.0
gas,iid,device_only,0,2,0.05,0.1,0.0,0.0,-1.0,13,0.9715384615384616,0.0273846153846153,0.0,7.841053839511646e-05,3.6e-06,0.012,0.0,0.0,0,0.0
gas,iid,cloud_only,0,2,0.05,0.1,0.0,0.0,-1.0,13,0.9927692307692306,0.0,0.0,1.0,0.0770405279999999,43.59972992,0.0002,1.0,0,0.0
gas,iid,fixed_conf,0,2,0.05,0.1,0.0,0.0,-1.0,13,0.9715384615384616,0.0273846153846153,0.0,7.841053839511646e-05,3.6e-06,0.012,0.0,0.0,0,0.0
gas,iid,entropy,0,2,0.05,0.1,0.0,0.0,-1.0,13,0.9715384615384616,0.0273846153846153,0.0,7.841053839511646e-05,3.6e-06,0.012,0.0,0.0,0,0.0
gas,iid,learned_router,0,2,0.05,0.1,0.0,0.0,-1.0,13,0.9715384615384616,0.0273846153846153,0.0,7.841053839511646e-05,3.6e-06,0.012,0.0,0.0,0,0.0
gas,iid,cost_static,0,2,0.05,0.1,0.0,0.0,-1.0,13,0.9715384615384616,0.0273846153846153,0.0,7.841053839511646e-05,3.6e-06,0.012,0.0,0.0,0,0.0
gas,iid,offline_crc,0,2,0.05,0.1,0.0,0.0,-1.0,13,0.9715384615384616,0.0273846153846153,0.0,7.841053839511646e-05,3.6e-06,0.012,0.0,0.0,0,0.0
gas,iid,online_naive,0,2,0.05,0.1,0.1,0.0,-1.0,13,0.9746153846153844,0.0233846153846153,0.0,0.2403672601905531,0.0185161663901538,10.486466790006157,4.806153846153847e-05,0.1538461538461538,12,0.0
gas,iid,online_ipw,0,2,0.05,0.1,0.1,0.0,-1.0,13,0.9912307692307694,0.0041538461538461,0.0,0.631652615352287,0.0702157871556923,16.23076103601231,6.766153846153847e-05,0.266,12,0.0
gas,iid,codec,0,2,0.05,0.1,0.1,0.0,-1.0,13,0.978,0.0201538461538461,0.0,0.2452535931505012,0.0193195468504615,10.475402079310772,4.787692307692309e-05,0.1544615384615384,12,0.0
gas,iid,codec_no_explore,0,2,0.05,0.1,0.0,0.0,-1.0,13,0.9746153846153844,0.0233846153846153,0.0,0.1539125012247958,0.011855435076923,6.717804603076924,3.076923076923078e-05,0.1538461538461538,1,0.0
gas,iid,codec_no_aci,0,2,0.05,0.1,0.1,0.0,-1.0,13,0.9755384615384616,0.0224615384615384,0.0,0.2370836399736339,0.0183497249575384,10.297911318055384,4.716923076923078e-05,0.1552307692307692,12,0.0
gas,iid,codec_bonferroni,0,2,0.05,0.1,0.1,0.0,-1.0,13,0.9783076923076924,0.0196923076923076,0.0,0.3070282219544867,0.0238365400910769,13.295401414104616,6.089230769230771e-05,0.2312307692307692,12,0.0
gas,iid,codec_rawconf,0,2,0.05,0.1,0.1,0.0,-1.0,13,0.9750769230769232,0.0227692307692307,0.0,0.2443669465483995,0.0188243141021538,10.660817709686157,4.886153846153847e-05,0.1544615384615384,12,0.0
gas,iid,codec_two_tier,0,2,0.05,0.1,0.1,0.0,-1.0,13,0.9764615384615384,0.021076923076923,0.0,0.2503664760851691,0.0192865356701538,10.922344089206156,5.006153846153847e-05,0.1607692307692307,12,0.0
gas,iid,device_only,0,3,0.05,0.1,0.0,0.0,-1.0,13,0.9715384615384616,0.0273846153846153,0.0,7.841053839511646e-05,3.6e-06,0.012,0.0,0.0,0,0.0
gas,iid,cloud_only,0,3,0.05,0.1,0.0,0.0,-1.0,13,0.9927692307692306,0.0,0.0,1.0,0.0770405279999999,43.59972992,0.0002,1.0,0,0.0
gas,iid,fixed_conf,0,3,0.05,0.1,0.0,0.0,-1.0,13,0.9715384615384616,0.0273846153846153,0.0,7.841053839511646e-05,3.6e-06,0.012,0.0,0.0,0,0.0
gas,iid,entropy,0,3,0.05,0.1,0.0,0.0,-1.0,13,0.9715384615384616,0.0273846153846153,0.0,7.841053839511646e-05,3.6e-06,0.012,0.0,0.0,0,0.0
gas,iid,learned_router,0,3,0.05,0.1,0.0,0.0,-1.0,13,0.9715384615384616,0.0273846153846153,0.0,7.841053839511646e-05,3.6e-06,0.012,0.0,0.0,0,0.0
gas,iid,cost_static,0,3,0.05,0.1,0.0,0.0,-1.0,13,0.9715384615384616,0.0273846153846153,0.0,7.841053839511646e-05,3.6e-06,0.012,0.0,0.0,0,0.0
gas,iid,offline_crc,0,3,0.05,0.1,0.0,0.0,-1.0,13,0.9715384615384616,0.0273846153846153,0.0,7.841053839511646e-05,3.6e-06,0.012,0.0,0.0,0,0.0
gas,iid,online_naive,0,3,0.05,0.1,0.1,0.0,-1.0,13,0.9746153846153844,0.0233846153846153,0.0,0.2460591215459499,0.018954684288,10.73458156032,4.920000000000001e-05,0.1538461538461538,12,0.0
gas,iid,online_ipw,0,3,0.05,0.1,0.1,0.0,-1.0,13,0.9904615384615384,0.0047692307692307,0.0,0.5314319891766272,0.0535579586067692,16.55226637430154,7.193846153846156e-05,0.2946153846153846,12,0.0
gas,iid,codec,0,3,0.05,0.1,0.1,0.0,-1.0,13,0.9746153846153844,0.0233846153846153,0.0,0.2422132692787899,0.0186583884110769,10.566936445243076,4.843076923076924e-05,0.1538461538461538,12,0.0
gas,iid,codec_no_explore,0,3,0.05,0.1,0.0,0.0,-1.0,13,0.9746153846153844,0.0233846153846153,0.0,0.1539125012247958,0.011855435076923,6.717804603076924,3.076923076923078e-05,0.1538461538461538,1,0.0
gas,iid,codec_no_aci,0,3,0.05,0.1,0.1,0.0,-1.0,13,0.9749230769230768,0.023076923076923,0.0,0.2435319716582822,0.0188003697526153,10.603224803643077,4.85846153846154e-05,0.1538461538461538,12,0.0
gas,iid,codec_bonferroni,0,3,0.05,0.1,0.1,0.0,-1.0,13,0.9853846153846156,0.0121538461538461,0.0,0.3006278838402714,0.0277568983532307,10.700049764036926,4.7600000000000025e-05,0.1555384615384615,11,0.0
gas,iid,codec_rawconf,0,3,0.05,0.1,0.1,0.0,-1.0,13,0.9833846153846152,0.0143076923076923,0.0,0.2868324351299503,0.0254767489476923,10.737579994584614,4.815384615384616e-05,0.159076923076923,12,0.0
gas,iid,codec_two_tier,0,3,0.05,0.1,0.1,0.0,-1.0,13,0.9746153846153844,0.0233846153846153,0.0,0.2377520806488842,0.0183146851938461,10.372468111753848,4.7538461538461554e-05,0.1538461538461538,12,0.0
gas,iid,device_only,0,4,0.05,0.1,0.0,0.0,-1.0,13,0.9715384615384616,0.0273846153846153,0.0,7.841053839511646e-05,3.6e-06,0.012,0.0,0.0,0,0.0
gas,iid,cloud_only,0,4,0.05,0.1,0.0,0.0,-1.0,13,0.9927692307692306,0.0,0.0,1.0,0.0770405279999999,43.59972992,0.0002,1.0,0,0.0
gas,iid,fixed_conf,0,4,0.05,0.1,0.0,0.0,-1.0,13,0.9715384615384616,0.0273846153846153,0.0,7.841053839511646e-05,3.6e-06,0.012,0.0,0.0,0,0.0
gas,iid,entropy,0,4,0.05,0.1,0.0,0.0,-1.0,13,0.9715384615384616,0.0273846153846153,0.0,7.841053839511646e-05,3.6e-06,0.012,0.0,0.0,0,0.0
gas,iid,learned_router,0,4,0.05,0.1,0.0,0.0,-1.0,13,0.9715384615384616,0.0273846153846153,0.0,7.841053839511646e-05,3.6e-06,0.012,0.0,0.0,0,0.0
gas,iid,cost_static,0,4,0.05,0.1,0.0,0.0,-1.0,13,0.9715384615384616,0.0273846153846153,0.0,7.841053839511646e-05,3.6e-06,0.012,0.0,0.0,0,0.0
gas,iid,offline_crc,0,4,0.05,0.1,0.0,0.0,-1.0,13,0.9715384615384616,0.0273846153846153,0.0,7.841053839511646e-05,3.6e-06,0.012,0.0,0.0,0,0.0
gas,iid,online_naive,0,4,0.05,0.1,0.1,0.0,-1.0,13,0.9746153846153844,0.0233846153846153,0.0,0.2439054442763403,0.018788758596923,10.640700295876927,4.876923076923077e-05,0.1538461538461538,12,0.0
gas,iid,online_ipw,0,4,0.05,0.1,0.1,0.0,-1.0,13,0.986923076923077,0.0107692307692307,0.0,0.2900869186822055,0.0263736375433846,10.540320395027695,4.704615384615386e-05,0.1561538461538461,6,0.0
gas,iid,codec,0,4,0.05,0.1,0.1,0.0,-1.0,13,0.976153846153846,0.0218461538461538,0.0,0.2398058993555746,0.0186690712319999,10.359047379495385,4.741538461538463e-05,0.1538461538461538,12,0.0
gas,iid,codec_no_explore,0,4,0.05,0.1,0.0,0.0,-1.0,13,0.9746153846153844,0.0233846153846153,0.0,0.1539125012247958,0.011855435076923,6.717804603076924,3.076923076923078e-05,0.1538461538461538,1,0.0
gas,iid,codec_no_aci,0,4,0.05,0.1,0.1,0.0,-1.0,13,0.9746153846153844,0.0233846153846153,0.0,0.2417517670067307,0.0186228329058461,10.546819031433843,4.8338461538461546e-05,0.1538461538461538,12,0.0
gas,iid,codec_bonferroni,0,4,0.05,0.1,0.1,0.0,-1.0,13,0.9850769230769232,0.012,0.0,0.2714423661692153,0.0231487452258461,10.66623602688,4.81846153846154e-05,0.1599999999999999,11,0.0
gas,iid,codec_rawconf,0,4,0.05,0.1,0.1,0.0,-1.0,13,0.9772307692307692,0.0209230769230769,0.0,0.2713710828857023,0.0234432531987692,10.505677222596926,4.7353846153846174e-05,0.1547692307692307,12,0.0
gas,iid,codec_two_tier,0,4,0.05,0.1,0.1,0.0,-1.0,13,0.9776923076923076,0.0198461538461538,0.0,0.2397519238278075,0.0184687590498461,10.459643571593848,4.793846153846154e-05,0.1655384615384615,12,0.0
gas,iid,device_only,1,0,0.05,0.1,0.0,0.0,-1.0,13,0.9647692307692308,0.0335384615384615,0.0,7.841053839511646e-05,3.6e-06,0.012,0.0,0.0,0,0.0
gas,iid,cloud_only,1,0,0.05,0.1,0.0,0.0,-1.0,13,0.9909230769230768,0.0,0.0,1.0,0.0770405279999999,43.59972992,0.0002,1.0,0,0.0
gas,iid,fixed_conf,1,0,0.05,0.1,0.0,0.0,-1.0,13,0.9647692307692308,0.0335384615384615,0.0,7.841053839511646e-05,3.6e-06,0.012,0.0,0.0,0,0.0
gas,iid,entropy,1,0,0.05,0.1,0.0,0.0,-1.0,13,0.9647692307692308,0.0335384615384615,0.0,7.841053839511646e-05,3.6e-06,0.012,0.0,0.0,0,0.0
gas,iid,learned_router,1,0,0.05,0.1,0.0,0.0,-1.0,13,0.9647692307692308,0.0335384615384615,0.0,7.841053839511646e-05,3.6e-06,0.012,0.0,0.0,0,0.0
gas,iid,cost_static,1,0,0.05,0.1,0.0,0.0,-1.0,13,0.9647692307692308,0.0335384615384615,0.0,7.841053839511646e-05,3.6e-06,0.012,0.0,0.0,0,0.0
gas,iid,offline_crc,1,0,0.05,0.1,0.0,0.0,-1.0,13,0.9647692307692308,0.0335384615384615,0.0,7.841053839511646e-05,3.6e-06,0.012,0.0,0.0,0,0.0
gas,iid,online_naive,1,0,0.05,0.1,0.1,0.0,-1.0,13,0.973076923076923,0.0256923076923076,0.0,0.2424496541766496,0.0189766000541538,10.419789250166154,4.766153846153848e-05,0.1538461538461538,12,0.0
gas,iid,online_ipw,1,0,0.05,0.1,0.1,0.0,-1.0,13,0.9892307692307694,0.0075384615384615,0.0,0.5593623050890935,0.0582597917833846,16.431443291766154,7.05846153846154e-05,0.2863076923076922,12,0.0
gas,iid,codec,1,0,0.05,0.1,0.1,0.0,-1.0,13,0.978,0.0207692307692307,0.0,0.2504848234491014,0.0200052685292307,10.555069668430772,4.8153846153846166e-05,0.1572307692307692,12,0.0
gas,iid,codec_no_explore,1,0,0.05,0.1,0.0,0.0,-1.0,13,0.9689230769230768,0.0289230769230769,0.0,0.1540695103465273,0.0118790699815384,6.718592984615385,3.076923076923078e-05,0.1538461538461538,1,0.0
gas,iid,codec_no_aci,1,0,0.05,0.1,0.1,0.0,-1.0,13,0.9798461538461538,0.0192307692307692,0.0,0.2515244329266271,0.0202295938264615,10.524689610043076,4.796923076923078e-05,0.1553846153846153,12,0.0
gas,iid,codec_bonferroni,1,0,0.05,0.1,0.1,0.0,-1.0,13,0.9818461538461538,0.0169230769230769,0.0,0.2955709704191488,0.0265999914239999,10.882325552836924,4.8676923076923085e-05,0.155076923076923,11,0.0
gas,iid,codec_rawconf,1,0,0.05,0.1,0.1,0.0,-1.0,13,0.9769230769230768,0.0213846153846153,0.0,0.2528145600267132,0.0202655275421538,10.61423477602462,4.840000000000002e-05,0.1549230769230768,12,0.0
gas,iid,codec_two_tier,1,0,0.05,0.1,0.1,0.0,-1.0,13,0.9689230769230768,0.0289230769230769,0.0,0.2445207806390859,0.0188361659372307,10.66752351428923,4.8892307692307714e-05,0.1538461538461538,12,0.0
gas,iid,device_only,1,1,0.05,0.1,0.0,0.0,-1.0,13,0.9647692307692308,0.0335384615384615,0.0,7.841053839511646e-05,3.6e-06,0.012,0.0,0.0,0,0.0
gas,iid,cloud_only,1,1,0.05,0.1,0.0,0.0,-1.0,13,0.9909230769230768,0.0,0.0,1.0,0.0770405279999999,43.59972992,0.0002,1.0,0,0.0
gas,iid,fixed_conf,1,1,0.05,0.1,0.0,0.0,-1.0,13,0.9647692307692308,0.0335384615384615,0.0,7.841053839511646e-05,3.6e-06,0.012,0.0,0.0,0,0.0
gas,iid,entropy,1,1,0.05,0.1,0.0,0.0,-1.0,13,0.9647692307692308,0.0335384615384615,0.0,7.841053839511646e-05,3.6e-06,0.012,0.0,0.0,0,0.0
gas,iid,learned_router,1,1,0.05,0.1,0.0,0.0,-1.0,13,0.9647692307692308,0.0335384615384615,0.0,7.841053839511646e-05,3.6e-06,0.012,0.0,0.0,0,0.0
gas,iid,cost_static,1,1,0.05,0.1,0.0,0.0,-1.0,13,0.9647692307692308,0.0335384615384615,0.0,7.841053839511646e-05,3.6e-06,0.012,0.0,0.0,0,0.0
gas,iid,offline_crc,1,1,0.05,0.1,0.0,0.0,-1.0,13,0.9647692307692308,0.0335384615384615,0.0,7.841053839511646e-05,3.6e-06,0.012,0.0,0.0,0,0.0
gas,iid,online_naive,1,1,0.05,0.1,0.1,0.0,-1.0,13,0.9693846153846152,0.0287692307692307,0.0,0.2368544763531269,0.0183378387396923,10.284893899618462,4.710769230769233e-05,0.1538461538461538,12,0.0
gas,iid,online_ipw,1,1,0.05,0.1,0.1,0.0,-1.0,13,0.9887692307692308,0.0073846153846153,0.0,0.5681605463081402,0.0573684044307692,17.638561104738464,7.661538461538462e-05,0.3136923076923076,12,0.0
gas,iid,codec,1,1,0.05,0.1,0.1,0.0,-1.0,13,0.9778461538461538,0.0196923076923076,0.0,0.3090139906834607,0.0275722201107692,11.50162928246154,5.153846153846155e-05,0.1776923076923076,12,0.0
gas,iid,codec_no_explore,1,1,0.05,0.1,0.0,0.0,-1.0,13,0.9689230769230768,0.0289230769230769,0.0,0.1540695103465273,0.0118790699815384,6.718592984615385,3.076923076923078e-05,0.1538461538461538,1,0.0
gas,iid,codec_no_aci,1,1,0.05,0.1,0.1,0.0,-1.0,13,0.9826153846153844,0.0155384615384615,0.0,0.3176336172234691,0.028813224516923,11.5745773824,5.169230769230769e-05,0.1816923076923076,12,0.0
gas,iid,codec_bonferroni,1,1,0.05,0.1,0.1,0.0,-1.0,13,0.981076923076923,0.0173846153846153,0.0,0.3171172099336287,0.0252195946043076,13.41726110011077,6.126153846153847e-05,0.2347692307692307,11,0.0
gas,iid,codec_rawconf,1,1,0.05,0.1,0.1,0.0,-1.0,13,0.971076923076923,0.027076923076923,0.0,0.2447508154748554,0.0191308114412307,10.53221116534154,4.818461538461539e-05,0.1541538461538461,12,0.0
gas,iid,codec_two_tier,1,1,0.05,0.1,0.1,0.0,-1.0,13,0.977230769230769,0.0203076923076923,0.0,0.2619040328866492,0.020175423300923,11.425279434436924,5.2369230769230784e-05,0.1721538461538461,12,0.0
gas,iid,device_only,1,2,0.05,0.1,0.0,0.0,-1.0,13,0.9647692307692308,0.0335384615384615,0.0,7.841053839511646e-05,3.6e-06,0.012,0.0,0.0,0,0.0
gas,iid,cloud_only,1,2,0.05,0.1,0.0,0.0,-1.0,13,0.9909230769230768,0.0,0.0,1.0,0.0770405279999999,43.59972992,0.0002,1.0,0,0.0
gas,iid,fixed_conf,1,2,0.05,0.1,0.0,0.0,-1.0,13,0.9647692307692308,0.0335384615384615,0.0,7.841053839511646e-05,3.6e-06,0.012,0.0,0.0,0,0.0
gas,iid,entropy,1,2,0.05,0.1,0.0,0.0,-1.0,13,0.9647692307692308,0.0335384615384615,0.0,7.841053839511646e-05,3.6e-06,0.012,0.0,0.0,0,0.0
gas,iid,learned_router,1,2,0.05,0.1,0.0,0.0,-1.0,13,0.9647692307692308,0.0335384615384615,0.0,7.841053839511646e-05,3.6e-06,0.012,0.0,0.0,0,0.0
gas,iid,cost_static,1,2,0.05,0.1,0.0,0.0,-1.0,13,0.9647692307692308,0.0335384615384615,0.0,7.841053839511646e-05,3.6e-06,0.012,0.0,0.0,0,0.0
gas,iid,offline_crc,1,2,0.05,0.1,0.0,0.0,-1.0,13,0.9647692307692308,0.0335384615384615,0.0,7.841053839511646e-05,3.6e-06,0.012,0.0,0.0,0,0.0
gas,iid,online_naive,1,2,0.05,0.1,0.1,0.0,-1.0,13,0.970153846153846,0.0283076923076923,0.0,0.2372342990332752,0.0183497937230769,10.310534545723074,4.723076923076925e-05,0.1538461538461538,12,0.0
gas,iid,online_ipw,1,2,0.05,0.1,0.1,0.0,-1.0,13,0.9890769230769232,0.0064615384615384,0.0,0.5852072452649197,0.0574586564233845,19.02356386973539,8.335384615384618e-05,0.3518461538461538,12,0.0
gas,iid,codec,1,2,0.05,0.1,0.1,0.0,-1.0,13,0.9758461538461536,0.0226153846153846,0.0,0.2461139682889795,0.0194377557563076,10.485655600836925,4.790769230769233e-05,0.1538461538461538,12,0.0
gas,iid,codec_no_explore,1,2,0.05,0.1,0.0,0.0,-1.0,13,0.9689230769230768,0.0289230769230769,0.0,0.1540695103465273,0.0118790699815384,6.718592984615385,3.076923076923078e-05,0.1538461538461538,1,0.0
gas,iid,codec_no_aci,1,2,0.05,0.1,0.1,0.0,-1.0,13,0.9796923076923074,0.019076923076923,0.0,0.2512889192440297,0.0201941414695384,10.523507037735383,4.796923076923078e-05,0.1538461538461538,12,0.0
gas,iid,codec_bonferroni,1,2,0.05,0.1,0.1,0.0,-1.0,13,0.9829230769230768,0.0161538461538461,0.0,0.2620472191136845,0.0218249155052307,10.571593750055383,4.793846153846154e-05,0.1544615384615384,11,0.0
gas,iid,codec_rawconf,1,2,0.05,0.1,0.1,0.0,-1.0,13,0.969076923076923,0.0287692307692307,0.0,0.2434439420042811,0.0187532030916923,10.62058288206769,4.867692307692309e-05,0.1543076923076922,12,0.0
gas,iid,codec_two_tier,1,2,0.05,0.1,0.1,0.0,-1.0,13,0.9724615384615384,0.025076923076923,0.0,0.2457514533645771,0.0189309806178461,10.721169951113849,4.913846153846156e-05,0.163076923076923,12,0.0
gas,iid,device_only,1,3,0.05,0.1,0.0,0.0,-1.0,13,0.9647692307692308,0.0335384615384615,0.0,7.841053839511646e-05,3.6e-06,0.012,0.0,0.0,0,0.0
gas,iid,cloud_only,1,3,0.05,0.1,0.0,0.0,-1.0,13,0.9909230769230768,0.0,0.0,1.0,0.0770405279999999,43.59972992,0.0002,1.0,0,0.0
gas,iid,fixed_conf,1,3,0.05,0.1,0.0,0.0,-1.0,13,0.9647692307692308,0.0335384615384615,0.0,7.841053839511646e-05,3.6e-06,0.012,0.0,0.0,0,0.0
gas,iid,entropy,1,3,0.05,0.1,0.0,0.0,-1.0,13,0.9647692307692308,0.0335384615384615,0.0,7.841053839511646e-05,3.6e-06,0.012,0.0,0.0,0,0.0
gas,iid,learned_router,1,3,0.05,0.1,0.0,0.0,-1.0,13,0.9647692307692308,0.0335384615384615,0.0,7.841053839511646e-05,3.6e-06,0.012,0.0,0.0,0,0.0
gas,iid,cost_static,1,3,0.05,0.1,0.0,0.0,-1.0,13,0.9647692307692308,0.0335384615384615,0.0,7.841053839511646e-05,3.6e-06,0.012,0.0,0.0,0,0.0
gas,iid,offline_crc,1,3,0.05,0.1,0.0,0.0,-1.0,13,0.9647692307692308,0.0335384615384615,0.0,7.841053839511646e-05,3.6e-06,0.012,0.0,0.0,0,0.0
gas,iid,online_naive,1,3,0.05,0.1,0.1,0.0,-1.0,13,0.9747692307692308,0.0236923076923076,0.0,0.2473804375712295,0.0199449434879999,10.325880616566156,4.704615384615386e-05,0.155076923076923,12,0.0
gas,iid,online_ipw,1,3,0.05,0.1,0.1,0.0,-1.0,13,0.989076923076923,0.0069230769230769,0.0,0.6015691252807172,0.0614365305599999,18.31064990523077,7.923076923076924e-05,0.3258461538461538,12,0.0
gas,iid,codec,1,3,0.05,0.1,0.1,0.0,-1.0,13,0.9724615384615384,0.0256923076923077,0.0,0.2465214950332716,0.0192729990793846,10.606369206744612,4.852307692307693e-05,0.1538461538461538,12,0.0
gas,iid,codec_no_explore,1,3,0.05,0.1,0.0,0.0,-1.0,13,0.9689230769230768,0.0289230769230769,0.0,0.1540695103465273,0.0118790699815384,6.718592984615385,3.076923076923078e-05,0.1538461538461538,1,0.0
gas,iid,codec_no_aci,1,3,0.05,0.1,0.1,0.0,-1.0,13,0.98,0.018,0.0,0.2805858145569185,0.0232589531667692,11.376684493193848,5.163076923076924e-05,0.1775384615384614,12,0.0
gas,iid,codec_bonferroni,1,3,0.05,0.1,0.1,0.0,-1.0,13,0.9815384615384616,0.0175384615384615,0.0,0.2847041581087018,0.025405087812923,10.596359345624617,4.747692307692309e-05,0.1563076923076923,12,0.0
gas,iid,codec_rawconf,1,3,0.05,0.1,0.1,0.0,-1.0,13,0.9747692307692308,0.0227692307692307,0.0,0.3109716289687832,0.0242153518375384,13.427936181563078,6.147692307692309e-05,0.2312307692307691,12,0.0
gas,iid,codec_two_tier,1,3,0.05,0.1,0.1,0.0,-1.0,13,0.9746153846153848,0.0229230769230769,0.0,0.2506741442665419,0.0193102393403076,10.93575569841231,5.012307692307694e-05,0.1683076923076923,12,0.0
gas,iid,device_only,1,4,0.05,0.1,0.0,0.0,-1.0,13,0.9647692307692308,0.0335384615384615,0.0,7.841053839511646e-05,3.6e-06,0.012,0.0,0.0,0,0.0
gas,iid,cloud_only,1,4,0.05,0.1,0.0,0.0,-1.0,13,0.9909230769230768,0.0,0.0,1.0,0.0770405279999999,43.59972992,0.0002,1.0,0,0.0
gas,iid,fixed_conf,1,4,0.05,0.1,0.0,0.0,-1.0,13,0.9647692307692308,0.0335384615384615,0.0,7.841053839511646e-05,3.6e-06,0.012,0.0,0.0,0,0.0
gas,iid,entropy,1,4,0.05,0.1,0.0,0.0,-1.0,13,0.9647692307692308,0.0335384615384615,0.0,7.841053839511646e-05,3.6e-06,0.012,0.0,0.0,0,0.0
gas,iid,learned_router,1,4,0.05,0.1,0.0,0.0,-1.0,13,0.9647692307692308,0.0335384615384615,0.0,7.841053839511646e-05,3.6e-06,0.012,0.0,0.0,0,0.0
gas,iid,cost_static,1,4,0.05,0.1,0.0,0.0,-1.0,13,0.9647692307692308,0.0335384615384615,0.0,7.841053839511646e-05,3.6e-06,0.012,0.0,0.0,0,0.0
gas,iid,offline_crc,1,4,0.05,0.1,0.0,0.0,-1.0,13,0.9647692307692308,0.0335384615384615,0.0,7.841053839511646e-05,3.6e-06,0.012,0.0,0.0,0,0.0
gas,iid,online_naive,1,4,0.05,0.1,0.1,0.0,-1.0,13,0.9724615384615384,0.0256923076923077,0.0,0.2363652700169239,0.0184789948947692,10.169703526006154,4.652307692307695e-05,0.1538461538461538,12,0.0
gas,iid,online_ipw,1,4,0.05,0.1,0.1,0.0,-1.0,13,0.9881538461538462,0.0064615384615384,0.0,0.6000405027474903,0.0563226096147692,20.86618828760616,9.252307692307694e-05,0.3998461538461538,12,0.0
gas,iid,codec,1,4,0.05,0.1,0.1,0.0,-1.0,13,0.9753846153846154,0.0227692307692307,0.0,0.2408051046447761,0.0190229759113846,10.25726405356308,4.6861538461538464e-05,0.1538461538461538,12,0.0
gas,iid,codec_no_explore,1,4,0.05,0.1,0.0,0.0,-1.0,13,0.9689230769230768,0.0289230769230769,0.0,0.1540695103465273,0.0118790699815384,6.718592984615385,3.076923076923078e-05,0.1538461538461538,1,0.0
gas,iid,codec_no_aci,1,4,0.05,0.1,0.1,0.0,-1.0,13,0.9752307692307692,0.0223076923076923,0.0,0.3059087335903264,0.0272291357833846,11.420769997981544,5.120000000000001e-05,0.1776923076923076,12,0.0
gas,iid,codec_bonferroni,1,4,0.05,0.1,0.1,0.0,-1.0,13,0.9835384615384614,0.0158461538461538,0.0,0.2999700910286721,0.0261542977476923,11.485884459323078,5.169230769230771e-05,0.1793846153846153,11,0.0
gas,iid,codec_rawconf,1,4,0.05,0.1,0.1,0.0,-1.0,13,0.9778461538461538,0.0204615384615384,0.0,0.247364562416004,0.0198860281403076,10.355467731889233,4.7200000000000016e-05,0.1543076923076922,12,0.0
gas,iid,codec_two_tier,1,4,0.05,0.1,0.1,0.0,-1.0,13,0.9764615384615384,0.021076923076923,0.0,0.2562121715312523,0.0197369054030769,11.177164664123078,5.123076923076923e-05,0.1696923076923077,12,0.0
gas,iid,device_only,2,0,0.05,0.1,0.0,0.0,-1.0,13,0.9663076923076924,0.0313846153846153,0.0,7.841053839511646e-05,3.6e-06,0.012,0.0,0.0,0,0.0
gas,iid,cloud_only,2,0,0.05,0.1,0.0,0.0,-1.0,13,0.9853846153846154,0.0,0.0,1.0,0.0770405279999999,43.59972992,0.0002,1.0,0,0.0
gas,iid,fixed_conf,2,0,0.05,0.1,0.0,0.0,-1.0,13,0.9663076923076924,0.0313846153846153,0.0,7.841053839511646e-05,3.6e-06,0.012,0.0,0.0,0,0.0
gas,iid,entropy,2,0,0.05,0.1,0.0,0.0,-1.0,13,0.9663076923076924,0.0313846153846153,0.0,7.841053839511646e-05,3.6e-06,0.012,0.0,0.0,0,0.0
gas,iid,learned_router,2,0,0.05,0.1,0.0,0.0,-1.0,13,0.9663076923076924,0.0313846153846153,0.0,7.841053839511646e-05,3.6e-06,0.012,0.0,0.0,0,0.0
gas,iid,cost_static,2,0,0.05,0.1,0.0,0.0,-1.0,13,0.9663076923076924,0.0313846153846153,0.0,7.841053839511646e-05,3.6e-06,0.012,0.0,0.0,0,0.0
gas,iid,offline_crc,2,0,0.05,0.1,0.0,0.0,-1.0,13,0.9663076923076924,0.0313846153846153,0.0,7.841053839511646e-05,3.6e-06,0.012,0.0,0.0,0,0.0
gas,iid,online_naive,2,0,0.05,0.1,0.1,0.0,-1.0,13,0.9710769230769232,0.0255384615384615,0.0,0.2359568720573695,0.0183609922855384,10.197319687483075,4.667692307692309e-05,0.1538461538461538,12,0.0
gas,iid,online_ipw,2,0,0.05,0.1,0.1,0.0,-1.0,13,0.9843076923076922,0.0089230769230769,0.0,0.5728736851611264,0.0569699805636923,18.24369677430154,7.963076923076923e-05,0.3381538461538461,12,0.0
gas,iid,codec,2,0,0.05,0.1,0.1,0.0,-1.0,13,0.9706153846153848,0.0255384615384615,0.0,0.2396393651407077,0.0186100871187692,10.376011267150773,4.750769230769232e-05,0.1543076923076922,12,0.0
gas,iid,codec_no_explore,2,0,0.05,0.1,0.0,0.0,-1.0,13,0.9689230769230772,0.0272307692307692,0.0,0.1540695103465273,0.0118790699815384,6.718592984615384,3.076923076923078e-05,0.1538461538461538,1,0.0
gas,iid,codec_no_aci,2,0,0.05,0.1,0.1,0.0,-1.0,13,0.9718461538461536,0.0246153846153846,0.0,0.2710325356091406,0.0235844781193846,10.40311007665231,4.683076923076924e-05,0.1547692307692307,12,0.0
gas,iid,codec_bonferroni,2,0,0.05,0.1,0.1,0.0,-1.0,13,0.9815384615384614,0.013076923076923,0.0,0.3761598609820364,0.034412644164923,13.55352794505846,6.043076923076925e-05,0.2215384615384615,11,0.0
gas,iid,codec_rawconf,2,0,0.05,0.1,0.1,0.0,-1.0,13,0.9689230769230772,0.0272307692307692,0.0,0.2391365874650619,0.0184213517095384,10.43282035318154,4.781538461538464e-05,0.1541538461538461,12,0.0
gas,iid,codec_two_tier,2,0,0.05,0.1,0.1,0.0,-1.0,13,0.9698461538461538,0.0263076923076923,0.0,0.2526739874454651,0.0194643131963076,11.022931158252309,5.052307692307694e-05,0.1567692307692307,12,0.0
gas,iid,device_only,2,1,0.05,0.1,0.0,0.0,-1.0,13,0.9663076923076924,0.0313846153846153,0.0,7.841053839511646e-05,3.6e-06,0.012,0.0,0.0,0,0.0
gas,iid,cloud_only,2,1,0.05,0.1,0.0,0.0,-1.0,13,0.9853846153846154,0.0,0.0,1.0,0.0770405279999999,43.59972992,0.0002,1.0,0,0.0
gas,iid,fixed_conf,2,1,0.05,0.1,0.0,0.0,-1.0,13,0.9663076923076924,0.0313846153846153,0.0,7.841053839511646e-05,3.6e-06,0.012,0.0,0.0,0,0.0
gas,iid,entropy,2,1,0.05,0.1,0.0,0.0,-1.0,13,0.9663076923076924,0.0313846153846153,0.0,7.841053839511646e-05,3.6e-06,0.012,0.0,0.0,0,0.0
gas,iid,learned_router,2,1,0.05,0.1,0.0,0.0,-1.0,13,0.9663076923076924,0.0313846153846153,0.0,7.841053839511646e-05,3.6e-06,0.012,0.0,0.0,0,0.0
gas,iid,cost_static,2,1,0.05,0.1,0.0,0.0,-1.0,13,0.9663076923076924,0.0313846153846153,0.0,7.841053839511646e-05,3.6e-06,0.012,0.0,0.0,0,0.0
gas,iid,offline_crc,2,1,0.05,0.1,0.0,0.0,-1.0,13,0.9663076923076924,0.0313846153846153,0.0,7.841053839511646e-05,3.6e-06,0.012,0.0,0.0,0,0.0
gas,iid,online_naive,2,1,0.05,0.1,0.1,0.0,-1.0,13,0.9692307692307692,0.0272307692307692,0.0,0.2377679558041099,0.0183736005415384,10.34288099643077,4.73846153846154e-05,0.1538461538461538,12,0.0
gas,iid,online_ipw,2,1,0.05,0.1,0.1,0.0,-1.0,13,0.9809230769230768,0.0161538461538461,0.0,0.2577739187006993,0.0213399186018461,10.467069334843078,4.7507692307692325e-05,0.1543076923076922,6,0.0
gas,iid,codec,2,1,0.05,0.1,0.1,0.0,-1.0,13,0.971846153846154,0.0244615384615384,0.0,0.2375110881194592,0.0185384259839999,10.23479061819077,4.683076923076924e-05,0.1538461538461538,12,0.0
gas,iid,codec_no_explore,2,1,0.05,0.1,0.0,0.0,-1.0,13,0.9689230769230772,0.0272307692307692,0.0,0.1540695103465273,0.0118790699815384,6.718592984615384,3.076923076923078e-05,0.1538461538461538,1,0.0
gas,iid,codec_no_aci,2,1,0.05,0.1,0.1,0.0,-1.0,13,0.98,0.017076923076923,0.0,0.2592083547983365,0.0213523549439999,10.581072574621537,4.806153846153847e-05,0.1539999999999999,12,0.0
gas,iid,codec_bonferroni,2,1,0.05,0.1,0.1,0.0,-1.0,13,0.979076923076923,0.0161538461538461,0.0,0.3117691231463682,0.0263364075027692,12.38173487143385,5.603076923076923e-05,0.207076923076923,11,0.0
gas,iid,codec_rawconf,2,1,0.05,0.1,0.1,0.0,-1.0,13,0.9786153846153846,0.0175384615384615,0.0,0.3211929037560566,0.0308412877883076,10.80924516864,4.763076923076925e-05,0.1549230769230769,12,0.0
gas,iid,codec_two_tier,2,1,0.05,0.1,0.1,0.0,-1.0,13,0.9726153846153844,0.0233846153846153,0.0,0.2460591215459499,0.018954684288,10.73458156032,4.920000000000001e-05,0.1643076923076922,12,0.0
gas,iid,device_only,2,2,0.05,0.1,0.0,0.0,-1.0,13,0.9663076923076924,0.0313846153846153,0.0,7.841053839511646e-05,3.6e-06,0.012,0.0,0.0,0,0.0
gas,iid,cloud_only,2,2,0.05,0.1,0.0,0.0,-1.0,13,0.9853846153846154,0.0,0.0,1.0,0.0770405279999999,43.59972992,0.0002,1.0,0,0.0
gas,iid,fixed_conf,2,2,0.05,0.1,0.0,0.0,-1.0,13,0.9663076923076924,0.0313846153846153,0.0,7.841053839511646e-05,3.6e-06,0.012,0.0,0.0,0,0.0
gas,iid,entropy,2,2,0.05,0.1,0.0,0.0,-1.0,13,0.9663076923076924,0.0313846153846153,0.0,7.841053839511646e-05,3.6e-06,0.012,0.0,0.0,0,0.0
gas,iid,learned_router,2,2,0.05,0.1,0.0,0.0,-1.0,13,0.9663076923076924,0.0313846153846153,0.0,7.841053839511646e-05,3.6e-06,0.012,0.0,0.0,0,0.0
gas,iid,cost_static,2,2,0.05,0.1,0.0,0.0,-1.0,13,0.9663076923076924,0.0313846153846153,0.0,7.841053839511646e-05,3.6e-06,0.012,0.0,0.0,0,0.0
gas,iid,offline_crc,2,2,0.05,0.1,0.0,0.0,-1.0,13,0.9663076923076924,0.0313846153846153,0.0,7.841053839511646e-05,3.6e-06,0.012,0.0,0.0,0,0.0
gas,iid,online_naive,2,2,0.05,0.1,0.1,0.0,-1.0,13,0.9689230769230772,0.0272307692307692,0.0,0.2419841056582828,0.0186465021932307,10.553919026806158,4.836923076923079e-05,0.1538461538461538,12,0.0
gas,iid,online_ipw,2,2,0.05,0.1,0.1,0.0,-1.0,13,0.9853846153846154,0.0087692307692307,0.0,0.5549608806637875,0.0589764616763076,15.68547204096,6.683076923076923e-05,0.2595384615384615,12,0.0
gas,iid,codec,2,2,0.05,0.1,0.1,0.0,-1.0,13,0.9689230769230772,0.0272307692307692,0.0,0.241447273856403,0.0186109123052307,10.52748999916308,4.824615384615386e-05,0.1538461538461538,12,0.0
gas,iid,codec_no_explore,2,2,0.05,0.1,0.0,0.0,-1.0,13,0.9689230769230772,0.0272307692307692,0.0,0.1540695103465273,0.0118790699815384,6.718592984615384,3.076923076923078e-05,0.1538461538461538,1,0.0
gas,iid,codec_no_aci,2,2,0.05,0.1,0.1,0.0,-1.0,13,0.9756923076923076,0.0215384615384615,0.0,0.2786783571083087,0.0245658424024615,10.530502118006154,4.729230769230771e-05,0.1547692307692307,12,0.0
gas,iid,codec_bonferroni,2,2,0.05,0.1,0.1,0.0,-1.0,13,0.978,0.0173846153846153,0.0,0.297090261139742,0.0266478113575384,10.984888137255384,4.916923076923078e-05,0.1587692307692307,11,0.0
gas,iid,codec_rawconf,2,2,0.05,0.1,0.1,0.0,-1.0,13,0.9713846153846152,0.0249230769230769,0.0,0.24684503836987,0.0193556180972307,10.590193700627692,4.843076923076925e-05,0.1538461538461538,12,0.0
gas,iid,codec_two_tier,2,2,0.05,0.1,0.1,0.0,-1.0,13,0.9746153846153848,0.0209230769230769,0.0,0.2528278215361516,0.0194761650313846,11.029636962855385,5.055384615384617e-05,0.1709230769230769,12,0.0
gas,iid,device_only,2,3,0.05,0.1,0.0,0.0,-1.0,13,0.9663076923076924,0.0313846153846153,0.0,7.841053839511646e-05,3.6e-06,0.012,0.0,0.0,0,0.0
gas,iid,cloud_only,2,3,0.05,0.1,0.0,0.0,-1.0,13,0.9853846153846154,0.0,0.0,1.0,0.0770405279999999,43.59972992,0.0002,1.0,0,0.0
gas,iid,fixed_conf,2,3,0.05,0.1,0.0,0.0,-1.0,13,0.9663076923076924,0.0313846153846153,0.0,7.841053839511646e-05,3.6e-06,0.012,0.0,0.0,0,0.0
gas,iid,entropy,2,3,0.05,0.1,0.0,0.0,-1.0,13,0.9663076923076924,0.0313846153846153,0.0,7.841053839511646e-05,3.6e-06,0.012,0.0,0.0,0,0.0
gas,iid,learned_router,2,3,0.05,0.1,0.0,0.0,-1.0,13,0.9663076923076924,0.0313846153846153,0.0,7.841053839511646e-05,3.6e-06,0.012,0.0,0.0,0,0.0
gas,iid,cost_static,2,3,0.05,0.1,0.0,0.0,-1.0,13,0.9663076923076924,0.0313846153846153,0.0,7.841053839511646e-05,3.6e-06,0.012,0.0,0.0,0,0.0
gas,iid,offline_crc,2,3,0.05,0.1,0.0,0.0,-1.0,13,0.9663076923076924,0.0313846153846153,0.0,7.841053839511646e-05,3.6e-06,0.012,0.0,0.0,0,0.0
gas,iid,online_naive,2,3,0.05,0.1,0.1,0.0,-1.0,13,0.9689230769230772,0.0272307692307692,0.0,0.2412934397657166,0.0185990604701538,10.52078419456,4.821538461538463e-05,0.1538461538461538,12,0.0
gas,iid,online_ipw,2,3,0.05,0.1,0.1,0.0,-1.0,13,0.9843076923076924,0.0092307692307692,0.0,0.5668594032396468,0.0547758540701538,18.88990126828308,8.313846153846156e-05,0.3521538461538461,12,0.0
gas,iid,codec,2,3,0.05,0.1,0.1,0.0,-1.0,13,0.972,0.0243076923076923,0.0,0.2426756427661115,0.0189767032024615,10.438724091667693,4.775384615384617e-05,0.1538461538461538,12,0.0
gas,iid,codec_no_explore,2,3,0.05,0.1,0.0,0.0,-1.0,13,0.9689230769230772,0.0272307692307692,0.0,0.1540695103465273,0.0118790699815384,6.718592984615384,3.076923076923078e-05,0.1538461538461538,1,0.0
gas,iid,codec_no_aci,2,3,0.05,0.1,0.1,0.0,-1.0,13,0.977076923076923,0.0195384615384615,0.0,0.2563622692056359,0.0205734689575384,10.750716012701538,4.901538461538463e-05,0.1539999999999999,12,0.0
gas,iid,codec_bonferroni,2,3,0.05,0.1,0.1,0.0,-1.0,13,0.9803076923076924,0.0164615384615384,0.0,0.2942984609048131,0.0271884916283076,10.466533736763076,4.6553846153846175e-05,0.1544615384615384,11,0.0
gas,iid,codec_rawconf,2,3,0.05,0.1,0.1,0.0,-1.0,13,0.9758461538461538,0.0209230769230769,0.0,0.286630975573587,0.0252881510695384,10.81963553595077,4.858461538461539e-05,0.1546153846153846,12,0.0
gas,iid,codec_two_tier,2,3,0.05,0.1,0.1,0.0,-1.0,13,0.9712307692307692,0.0247692307692307,0.0,0.234213896563097,0.0180420929870769,10.218234605883074,4.683076923076924e-05,0.1604615384615384,12,0.0
gas,iid,device_only,2,4,0.05,0.1,0.0,0.0,-1.0,13,0.9663076923076924,0.0313846153846153,0.0,7.841053839511646e-05,3.6e-06,0.012,0.0,0.0,0,0.0
gas,iid,cloud_only,2,4,0.05,0.1,0.0,0.0,-1.0,13,0.9853846153846154,0.0,0.0,1.0,0.0770405279999999,43.59972992,0.0002,1.0,0,0.0
gas,iid,fixed_conf,2,4,0.05,0.1,0.0,0.0,-1.0,13,0.9663076923076924,0.0313846153846153,0.0,7.841053839511646e-05,3.6e-06,0.012,0.0,0.0,0,0.0
gas,iid,entropy,2,4,0.05,0.1,0.0,0.0,-1.0,13,0.9663076923076924,0.0313846153846153,0.0,7.841053839511646e-05,3.6e-06,0.012,0.0,0.0,0,0.0
gas,iid,learned_router,2,4,0.05,0.1,0.0,0.0,-1.0,13,0.9663076923076924,0.0313846153846153,0.0,7.841053839511646e-05,3.6e-06,0.012,0.0,0.0,0,0.0
gas,iid,cost_static,2,4,0.05,0.1,0.0,0.0,-1.0,13,0.9663076923076924,0.0313846153846153,0.0,7.841053839511646e-05,3.6e-06,0.012,0.0,0.0,0,0.0
gas,iid,offline_crc,2,4,0.05,0.1,0.0,0.0,-1.0,13,0.9663076923076924,0.0313846153846153,0.0,7.841053839511646e-05,3.6e-06,0.012,0.0,0.0,0,0.0
gas,iid,online_naive,2,4,0.05,0.1,0.1,0.0,-1.0,13,0.9689230769230772,0.0272307692307692,0.0,0.2388320943147341,0.018409431108923,10.413491320910769,4.772307692307694e-05,0.1538461538461538,12,0.0
gas,iid,online_ipw,2,4,0.05,0.1,0.1,0.0,-1.0,13,0.9852307692307692,0.0073846153846153,0.0,0.5889024967471901,0.0608298864738461,17.564710585107694,7.56923076923077e-05,0.312,12,0.0
gas,iid,codec,2,4,0.05,0.1,0.1,0.0,-1.0,13,0.9723076923076922,0.0243076923076923,0.0,0.2783539425564477,0.0242004640984615,10.695007391507694,4.815384615384617e-05,0.1547692307692307,12,0.0
gas,iid,codec_no_explore,2,4,0.05,0.1,0.0,0.0,-1.0,13,0.9689230769230772,0.0272307692307692,0.0,0.1540695103465273,0.0118790699815384,6.718592984615384,3.076923076923078e-05,0.1538461538461538,1,0.0
gas,iid,codec_no_aci,2,4,0.05,0.1,0.1,0.0,-1.0,13,0.9784615384615384,0.0167692307692307,0.0,0.2963400825978292,0.0235842476603076,12.529729747889233,5.72e-05,0.1976923076923076,12,0.0
gas,iid,codec_bonferroni,2,4,0.05,0.1,0.1,0.0,-1.0,13,0.9783076923076924,0.0169230769230769,0.0,0.3108588187264303,0.0263124287704615,12.317830351556925,5.572307692307695e-05,0.193076923076923,11,0.0
gas,iid,codec_rawconf,2,4,0.05,0.1,0.1,0.0,-1.0,13,0.9730769230769232,0.0224615384615384,0.0,0.2765119797145185,0.0243527844332307,10.46029054582154,4.698461538461539e-05,0.1541538461538461,12,0.0
gas,iid,codec_two_tier,2,4,0.05,0.1,0.1,0.0,-1.0,13,0.9710769230769232,0.0249230769230769,0.0,0.2385212511023162,0.0183739443692307,10.405997134769231,4.769230769230769e-05,0.1607692307692307,12,0.0
gas,iid,device_only,3,0,0.05,0.1,0.0,0.0,-1.0,13,0.9538461538461538,0.0432307692307692,0.3076923076923077,7.841053839511646e-05,3.6e-06,0.012,0.0,0.0,0,0.0
gas,iid,cloud_only,3,0,0.05,0.1,0.0,0.0,-1.0,13,0.9929230769230768,0.0,0.0,1.0,0.0770405279999999,43.59972992,0.0002,1.0,0,0.0
gas,iid,fixed_conf,3,0,0.05,0.1,0.0,0.0,-1.0,13,0.9538461538461538,0.0432307692307692,0.3076923076923077,7.841053839511646e-05,3.6e-06,0.012,0.0,0.0,0,0.0
gas,iid,entropy,3,0,0.05,0.1,0.0,0.0,-1.0,13,0.9538461538461538,0.0432307692307692,0.3076923076923077,7.841053839511646e-05,3.6e-06,0.012,0.0,0.0,0,0.0
gas,iid,learned_router,3,0,0.05,0.1,0.0,0.0,-1.0,13,0.9538461538461538,0.0432307692307692,0.3076923076923077,7.841053839511646e-05,3.6e-06,0.012,0.0,0.0,0,0.0
gas,iid,cost_static,3,0,0.05,0.1,0.0,0.0,-1.0,13,0.9538461538461538,0.0432307692307692,0.3076923076923077,7.841053839511646e-05,3.6e-06,0.012,0.0,0.0,0,0.0
gas,iid,offline_crc,3,0,0.05,0.1,0.0,0.0,-1.0,13,0.9538461538461538,0.0432307692307692,0.3076923076923077,7.841053839511646e-05,3.6e-06,0.012,0.0,0.0,0,0.0
gas,iid,online_naive,3,0,0.05,0.1,0.1,0.0,-1.0,13,0.96,0.036,0.2307692307692307,0.2411087265798414,0.0187521372258461,10.424922853218463,4.772307692307693e-05,0.1538461538461538,12,0.0
gas,iid,online_ipw,3,0,0.05,0.1,0.1,0.0,-1.0,13,0.9912307692307694,0.0047692307692307,0.0,0.6047976471993535,0.0630756493883076,17.721657811101544,7.609230769230771e-05,0.3098461538461538,12,0.0
gas,iid,codec,3,0,0.05,0.1,0.1,0.0,-1.0,13,0.9607692307692306,0.0353846153846153,0.2307692307692307,0.2475261791693008,0.0193677106116923,10.641080802067693,4.867692307692309e-05,0.1538461538461538,12,0.0
gas,iid,codec_no_explore,3,0,0.05,0.1,0.0,0.0,-1.0,13,0.972,0.0241538461538461,0.0,0.1787199424583774,0.0155897500061538,6.842368886153848,3.076923076923078e-05,0.1538461538461538,1,0.0
gas,iid,codec_no_aci,3,0,0.05,0.1,0.1,0.0,-1.0,13,0.9675384615384612,0.0284615384615384,0.0769230769230769,0.2579164852677255,0.0207509026559999,10.788186943409231,4.916923076923078e-05,0.1656923076923077,12,0.0
gas,iid,codec_bonferroni,3,0,0.05,0.1,0.1,0.0,-1.0,13,0.9795384615384616,0.0161538461538461,0.0,0.3140916384466274,0.0262903410904615,12.601064592541544,5.710769230769233e-05,0.2073846153846153,12,0.0
gas,iid,codec_rawconf,3,0,0.05,0.1,0.1,0.0,-1.0,13,0.9646153846153844,0.0315384615384615,0.1538461538461538,0.2535060971345419,0.0205957285513846,10.499039840886155,4.778461538461539e-05,0.1538461538461538,12,0.0
gas,iid,codec_two_tier,3,0,0.05,0.1,0.1,0.0,-1.0,13,0.9609230769230768,0.035076923076923,0.2307692307692307,0.2445207806390859,0.0188361659372307,10.66752351428923,4.889230769230771e-05,0.1629230769230769,12,0.0
gas,iid,device_only,3,1,0.05,0.1,0.0,0.0,-1.0,13,0.9538461538461538,0.0432307692307692,0.3076923076923077,7.841053839511646e-05,3.6e-06,0.012,0.0,0.0,0,0.0
gas,iid,cloud_only,3,1,0.05,0.1,0.0,0.0,-1.0,13,0.9929230769230768,0.0,0.0,1.0,0.0770405279999999,43.59972992,0.0002,1.0,0,0.0
gas,iid,fixed_conf,3,1,0.05,0.1,0.0,0.0,-1.0,13,0.9538461538461538,0.0432307692307692,0.3076923076923077,7.841053839511646e-05,3.6e-06,0.012,0.0,0.0,0,0.0
gas,iid,entropy,3,1,0.05,0.1,0.0,0.0,-1.0,13,0.9538461538461538,0.0432307692307692,0.3076923076923077,7.841053839511646e-05,3.6e-06,0.012,0.0,0.0,0,0.0
gas,iid,learned_router,3,1,0.05,0.1,0.0,0.0,-1.0,13,0.9538461538461538,0.0432307692307692,0.3076923076923077,7.841053839511646e-05,3.6e-06,0.012,0.0,0.0,0,0.0
gas,iid,cost_static,3,1,0.05,0.1,0.0,0.0,-1.0,13,0.9538461538461538,0.0432307692307692,0.3076923076923077,7.841053839511646e-05,3.6e-06,0.012,0.0,0.0,0,0.0
gas,iid,offline_crc,3,1,0.05,0.1,0.0,0.0,-1.0,13,0.9538461538461538,0.0432307692307692,0.3076923076923077,7.841053839511646e-05,3.6e-06,0.012,0.0,0.0,0,0.0
gas,iid,online_naive,3,1,0.05,0.1,0.1,0.0,-1.0,13,0.9736923076923076,0.0221538461538461,0.0,0.2660627806267567,0.022191978564923,10.716357554412308,4.85846153846154e-05,0.1592307692307692,12,0.0
gas,iid,online_ipw,3,1,0.05,0.1,0.1,0.0,-1.0,13,0.9904615384615384,0.004,0.0,0.5777346761474652,0.0607540994067692,16.666096276086154,7.132307692307693e-05,0.2863076923076922,12,0.0
gas,iid,codec,3,1,0.05,0.1,0.1,0.0,-1.0,13,0.9736923076923076,0.022,0.0,0.2686121557317403,0.0224287745870769,10.806292349636925,4.89846153846154e-05,0.1647692307692307,12,0.0
gas,iid,codec_no_explore,3,1,0.05,0.1,0.0,0.0,-1.0,13,0.972,0.0241538461538461,0.0,0.1787199424583774,0.0155897500061538,6.842368886153848,3.076923076923078e-05,0.1538461538461538,1,0.0
gas,iid,codec_no_aci,3,1,0.05,0.1,0.1,0.0,-1.0,13,0.9807692307692308,0.015076923076923,0.0,0.2806288323910301,0.0239776516430769,11.003098458584615,4.9692307692307707e-05,0.1655384615384615,12,0.0
gas,iid,codec_bonferroni,3,1,0.05,0.1,0.1,0.0,-1.0,13,0.9876923076923076,0.0086153846153846,0.0,0.3080549380273302,0.0290444849132307,10.648342350375383,4.713846153846155e-05,0.1555384615384615,11,0.0
gas,iid,codec_rawconf,3,1,0.05,0.1,0.1,0.0,-1.0,13,0.9656923076923076,0.0304615384615384,0.2307692307692307,0.2556756495593771,0.0208205695901538,10.563333990006154,4.806153846153847e-05,0.1539999999999999,12,0.0
gas,iid,codec_two_tier,3,1,0.05,0.1,0.1,0.0,-1.0,13,0.969846153846154,0.0255384615384615,0.0769230769230769,0.2757491010484252,0.0212420884578461,12.028801848713847,5.513846153846156e-05,0.1959999999999999,12,0.0
gas,iid,device_only,3,2,0.05,0.1,0.0,0.0,-1.0,13,0.9538461538461538,0.0432307692307692,0.3076923076923077,7.841053839511646e-05,3.6e-06,0.012,0.0,0.0,0,0.0
gas,iid,cloud_only,3,2,0.05,0.1,0.0,0.0,-1.0,13,0.9929230769230768,0.0,0.0,1.0,0.0770405279999999,43.59972992,0.0002,1.0,0,0.0
gas,iid,fixed_conf,3,2,0.05,0.1,0.0,0.0,-1.0,13,0.9538461538461538,0.0432307692307692,0.3076923076923077,7.841053839511646e-05,3.6e-06,0.012,0.0,0.0,0,0.0
gas,iid,entropy,3,2,0.05,0.1,0.0,0.0,-1.0,13,0.9538461538461538,0.0432307692307692,0.3076923076923077,7.841053839511646e-05,3.6e-06,0.012,0.0,0.0,0,0.0
gas,iid,learned_router,3,2,0.05,0.1,0.0,0.0,-1.0,13,0.9538461538461538,0.0432307692307692,0.3076923076923077,7.841053839511646e-05,3.6e-06,0.012,0.0,0.0,0,0.0
gas,iid,cost_static,3,2,0.05,0.1,0.0,0.0,-1.0,13,0.9538461538461538,0.0432307692307692,0.3076923076923077,7.841053839511646e-05,3.6e-06,0.012,0.0,0.0,0,0.0
gas,iid,offline_crc,3,2,0.05,0.1,0.0,0.0,-1.0,13,0.9538461538461538,0.0432307692307692,0.3076923076923077,7.841053839511646e-05,3.6e-06,0.012,0.0,0.0,0,0.0
gas,iid,online_naive,3,2,0.05,0.1,0.1,0.0,-1.0,13,0.9649230769230768,0.031076923076923,0.1538461538461538,0.2458761507905995,0.0196732796159999,10.342060684209232,4.716923076923077e-05,0.1539999999999999,12,0.0
gas,iid,online_ipw,3,2,0.05,0.1,0.1,0.0,-1.0,13,0.9901538461538462,0.004,0.0,0.5547423649069315,0.0573269350892307,16.532846111507695,7.123076923076925e-05,0.2813846153846154,12,0.0
gas,iid,codec,3,2,0.05,0.1,0.1,0.0,-1.0,13,0.9686153846153844,0.0275384615384615,0.0769230769230769,0.2536354021921297,0.0207960751163076,10.404755262621538,4.72923076923077e-05,0.1539999999999999,12,0.0
gas,iid,codec_no_explore,3,2,0.05,0.1,0.0,0.0,-1.0,13,0.972,0.0241538461538461,0.0,0.1787199424583774,0.0155897500061538,6.842368886153848,3.076923076923078e-05,0.1538461538461538,1,0.0
gas,iid,codec_no_aci,3,2,0.05,0.1,0.1,0.0,-1.0,13,0.9809230769230768,0.0146153846153846,0.0,0.2816802707774738,0.0239663499323076,11.097378475323078,5.015384615384616e-05,0.1678461538461538,12,0.0
gas,iid,codec_bonferroni,3,2,0.05,0.1,0.1,0.0,-1.0,13,0.9869230769230768,0.009076923076923,0.0,0.313613138248827,0.0278688598153846,11.732390535876924,5.261538461538463e-05,0.1772307692307692,11,0.0
gas,iid,codec_rawconf,3,2,0.05,0.1,0.1,0.0,-1.0,13,0.9778461538461536,0.018,0.0,0.3404089035824184,0.0331121296836923,11.232068557193848,4.932307692307694e-05,0.1638461538461538,12,0.0
gas,iid,codec_two_tier,3,2,0.05,0.1,0.1,0.0,-1.0,13,0.9732307692307692,0.0221538461538461,0.0,0.2839023078548045,0.021870235716923,12.384209492676924,5.676923076923078e-05,0.2047692307692307,12,0.0
gas,iid,device_only,3,3,0.05,0.1,0.0,0.0,-1.0,13,0.9538461538461538,0.0432307692307692,0.3076923076923077,7.841053839511646e-05,3.6e-06,0.012,0.0,0.0,0,0.0
gas,iid,cloud_only,3,3,0.05,0.1,0.0,0.0,-1.0,13,0.9929230769230768,0.0,0.0,1.0,0.0770405279999999,43.59972992,0.0002,1.0,0,0.0
gas,iid,fixed_conf,3,3,0.05,0.1,0.0,0.0,-1.0,13,0.9538461538461538,0.0432307692307692,0.3076923076923077,7.841053839511646e-05,3.6e-06,0.012,0.0,0.0,0,0.0
gas,iid,entropy,3,3,0.05,0.1,0.0,0.0,-1.0,13,0.9538461538461538,0.0432307692307692,0.3076923076923077,7.841053839511646e-05,3.6e-06,0.012,0.0,0.0,0,0.0
gas,iid,learned_router,3,3,0.05,0.1,0.0,0.0,-1.0,13,0.9538461538461538,0.0432307692307692,0.3076923076923077,7.841053839511646e-05,3.6e-06,0.012,0.0,0.0,0,0.0
gas,iid,cost_static,3,3,0.05,0.1,0.0,0.0,-1.0,13,0.9538461538461538,0.0432307692307692,0.3076923076923077,7.841053839511646e-05,3.6e-06,0.012,0.0,0.0,0,0.0
gas,iid,offline_crc,3,3,0.05,0.1,0.0,0.0,-1.0,13,0.9538461538461538,0.0432307692307692,0.3076923076923077,7.841053839511646e-05,3.6e-06,0.012,0.0,0.0,0,0.0
gas,iid,online_naive,3,3,0.05,0.1,0.1,0.0,-1.0,13,0.9592307692307692,0.0367692307692307,0.2307692307692307,0.2384490966035408,0.0183856930559999,10.393768097870767,4.763076923076924e-05,0.1538461538461538,12,0.0
gas,iid,online_ipw,3,3,0.05,0.1,0.1,0.0,-1.0,13,0.9913846153846154,0.0036923076923076,0.0,0.5094037646032971,0.0553858370067692,13.74197583990154,5.793846153846154e-05,0.2101538461538461,12,0.0
gas,iid,codec,3,3,0.05,0.1,0.1,0.0,-1.0,13,0.9692307692307692,0.0269230769230769,0.0769230769230769,0.25598331774075,0.0208442732603076,10.57674559921231,4.812307692307693e-05,0.1572307692307692,12,0.0
gas,iid,codec_no_explore,3,3,0.05,0.1,0.0,0.0,-1.0,13,0.972,0.0241538461538461,0.0,0.1787199424583774,0.0155897500061538,6.842368886153848,3.076923076923078e-05,0.1538461538461538,1,0.0
gas,iid,codec_no_aci,3,3,0.05,0.1,0.1,0.0,-1.0,13,0.9823076923076924,0.013076923076923,0.0,0.2876489212190546,0.0245935000910769,11.269749318104616,5.08923076923077e-05,0.1746153846153846,12,0.0
gas,iid,codec_bonferroni,3,3,0.05,0.1,0.1,0.0,-1.0,13,0.9806153846153846,0.015076923076923,0.0,0.3003484811083001,0.0267199882338461,11.220782993723075,5.030769230769232e-05,0.1698461538461538,12,0.0
gas,iid,codec_rawconf,3,3,0.05,0.1,0.1,0.0,-1.0,13,0.976,0.0193846153846153,0.0,0.2694973697333217,0.0234777428381538,10.330134607556923,4.64923076923077e-05,0.1543076923076922,12,0.0
gas,iid,codec_two_tier,3,3,0.05,0.1,0.1,0.0,-1.0,13,0.9683076923076924,0.0273846153846153,0.1538461538461538,0.2640577101562588,0.0203413489919999,11.51916069888,5.2800000000000016e-05,0.1896923076923076,12,0.0
gas,iid,device_only,3,4,0.05,0.1,0.0,0.0,-1.0,13,0.9538461538461538,0.0432307692307692,0.3076923076923077,7.841053839511646e-05,3.6e-06,0.012,0.0,0.0,0,0.0
gas,iid,cloud_only,3,4,0.05,0.1,0.0,0.0,-1.0,13,0.9929230769230768,0.0,0.0,1.0,0.0770405279999999,43.59972992,0.0002,1.0,0,0.0
gas,iid,fixed_conf,3,4,0.05,0.1,0.0,0.0,-1.0,13,0.9538461538461538,0.0432307692307692,0.3076923076923077,7.841053839511646e-05,3.6e-06,0.012,0.0,0.0,0,0.0
gas,iid,entropy,3,4,0.05,0.1,0.0,0.0,-1.0,13,0.9538461538461538,0.0432307692307692,0.3076923076923077,7.841053839511646e-05,3.6e-06,0.012,0.0,0.0,0,0.0
gas,iid,learned_router,3,4,0.05,0.1,0.0,0.0,-1.0,13,0.9538461538461538,0.0432307692307692,0.3076923076923077,7.841053839511646e-05,3.6e-06,0.012,0.0,0.0,0,0.0
gas,iid,cost_static,3,4,0.05,0.1,0.0,0.0,-1.0,13,0.9538461538461538,0.0432307692307692,0.3076923076923077,7.841053839511646e-05,3.6e-06,0.012,0.0,0.0,0,0.0
gas,iid,offline_crc,3,4,0.05,0.1,0.0,0.0,-1.0,13,0.9538461538461538,0.0432307692307692,0.3076923076923077,7.841053839511646e-05,3.6e-06,0.012,0.0,0.0,0,0.0
gas,iid,online_naive,3,4,0.05,0.1,0.1,0.0,-1.0,13,0.9607692307692306,0.0353846153846153,0.2307692307692307,0.2443963930430681,0.0192131210141538,10.45923113472,4.781538461538463e-05,0.1538461538461538,12,0.0
gas,iid,online_ipw,3,4,0.05,0.1,0.1,0.0,-1.0,13,0.9909230769230768,0.004,0.0,0.6054294783773343,0.0654204802264615,16.544090621243075,6.996923076923077e-05,0.275076923076923,12,0.0
gas,iid,codec,3,4,0.05,0.1,0.1,0.0,-1.0,13,0.9747692307692308,0.021076923076923,0.0,0.2692433672497115,0.0225350972750769,10.803528452726152,4.8953846153846165e-05,0.1619999999999999,12,0.0
gas,iid,codec_no_explore,3,4,0.05,0.1,0.0,0.0,-1.0,13,0.972,0.0241538461538461,0.0,0.1787199424583774,0.0155897500061538,6.842368886153848,3.076923076923078e-05,0.1538461538461538,1,0.0
gas,iid,codec_no_aci,3,4,0.05,0.1,0.1,0.0,-1.0,13,0.9813846153846152,0.0143076923076923,0.0,0.3171074332852402,0.0271399942596923,12.40853984374154,5.603076923076924e-05,0.1986153846153846,12,0.0
gas,iid,codec_bonferroni,3,4,0.05,0.1,0.1,0.0,-1.0,13,0.982,0.013076923076923,0.0,0.3013791268779482,0.0260724695335384,11.64722708361846,5.24923076923077e-05,0.1779999999999999,11,0.0
gas,iid,codec_rawconf,3,4,0.05,0.1,0.1,0.0,-1.0,13,0.9755384615384616,0.02,0.0769230769230769,0.2761249357570175,0.0240345040246153,10.59481451323077,4.769230769230771e-05,0.1543076923076922,12,0.0
gas,iid,codec_two_tier,3,4,0.05,0.1,0.1,0.0,-1.0,13,0.9623076923076922,0.0333846153846153,0.2307692307692307,0.2577505124381164,0.0198554237538461,11.244222710153846,5.153846153846156e-05,0.1703076923076923,12,0.0
gas,shift,device_only,0,0,0.05,0.1,0.0,0.0,-1.0,20,0.5648,0.4290999999999999,1.0,7.841053839511644e-05,3.6000000000000007e-06,0.012,0.0,0.0,0,0.0
gas,shift,cloud_only,0,0,0.05,0.1,0.0,0.0,-1.0,20,0.6678,0.0,0.0,1.0,0.0770405279999999,43.59972992,0.0002,1.0,0,0.0
gas,shift,fixed_conf,0,0,0.05,0.1,0.0,0.0,-1.0,20,0.5648,0.4290999999999999,1.0,7.841053839511644e-05,3.6000000000000007e-06,0.012,0.0,0.0,0,0.0
gas,shift,entropy,0,0,0.05,0.1,0.0,0.0,-1.0,20,0.5648,0.4290999999999999,1.0,7.841053839511644e-05,3.6000000000000007e-06,0.012,0.0,0.0,0,0.0
gas,shift,learned_router,0,0,0.05,0.1,0.0,0.0,-1.0,20,0.5648,0.4290999999999999,1.0,7.841053839511644e-05,3.6000000000000007e-06,0.012,0.0,0.0,0,0.0
gas,shift,cost_static,0,0,0.05,0.1,0.0,0.0,-1.0,20,0.5648,0.4290999999999999,1.0,7.841053839511644e-05,3.6000000000000007e-06,0.012,0.0,0.0,0,0.0
gas,shift,offline_crc,0,0,0.05,0.1,0.0,0.0,-1.0,20,0.5713999999999999,0.4368,1.0,0.0786104480004627,0.011825188416,0.406328736,0.0,0.0,0,0.0
gas,shift,online_naive,0,0,0.05,0.1,0.1,0.0,-1.0,20,0.6653999999999999,0.0214,0.15,0.8931699681701051,0.0715775237759999,37.49039625856,0.0001711,0.8390000000000001,19,0.0
gas,shift,online_ipw,0,0,0.05,0.1,0.1,0.0,-1.0,20,0.6685000000000001,0.0188,0.15,0.9198592546275952,0.0741474953855999,38.384177225984,0.00017504,0.8644000000000001,19,0.0
gas,shift,codec,0,0,0.05,0.1,0.1,0.0,-1.0,20,0.6691,0.0169,0.15,0.9074476429076924,0.0724187683583999,38.248578395136,0.00017466,0.8603,19,0.0
gas,shift,codec_no_explore,0,0,0.05,0.1,0.0,0.0,-1.0,20,0.6678000000000001,0.022,0.1,0.8566334550104351,0.0698913917567999,35.305316499712006,0.00016072,0.8036,1,0.0
gas,shift,codec_no_aci,0,0,0.05,0.1,0.1,0.0,-1.0,20,0.6685000000000001,0.0142,0.1,0.9327709906531436,0.0746435041151999,39.208777713408,0.00017898,0.8822999999999999,19,0.0
gas,shift,codec_bonferroni,0,0,0.05,0.1,0.1,0.0,-1.0,20,0.6650999999999999,0.0317,0.25,0.8196179457796561,0.0657008577023999,34.394395209216,0.00015696,0.7565000000000001,18,0.0
gas,shift,codec_rawconf,0,0,0.05,0.1,0.1,0.0,-1.0,20,0.6678,0.0,0.0,1.0,0.0770405279999999,43.59972992,0.0002,1.0,19,0.0
gas,shift,codec_two_tier,0,0,0.05,0.1,0.1,0.0,-1.0,20,0.6645999999999999,0.0255,0.15,0.7953160506372094,0.0612710688383999,34.67732160537601,0.00015906,0.7753,19,0.0
gas,shift,device_only,0,1,0.05,0.1,0.0,0.0,-1.0,20,0.5648,0.4290999999999999,1.0,7.841053839511644e-05,3.6000000000000007e-06,0.012,0.0,0.0,0,0.0
gas,shift,cloud_only,0,1,0.05,0.1,0.0,0.0,-1.0,20,0.6678,0.0,0.0,1.0,0.0770405279999999,43.59972992,0.0002,1.0,0,0.0
gas,shift,fixed_conf,0,1,0.05,0.1,0.0,0.0,-1.0,20,0.5648,0.4290999999999999,1.0,7.841053839511644e-05,3.6000000000000007e-06,0.012,0.0,0.0,0,0.0
gas,shift,entropy,0,1,0.05,0.1,0.0,0.0,-1.0,20,0.5648,0.4290999999999999,1.0,7.841053839511644e-05,3.6000000000000007e-06,0.012,0.0,0.0,0,0.0
gas,shift,learned_router,0,1,0.05,0.1,0.0,0.0,-1.0,20,0.5648,0.4290999999999999,1.0,7.841053839511644e-05,3.6000000000000007e-06,0.012,0.0,0.0,0,0.0
gas,shift,cost_static,0,1,0.05,0.1,0.0,0.0,-1.0,20,0.5648,0.4290999999999999,1.0,7.841053839511644e-05,3.6000000000000007e-06,0.012,0.0,0.0,0,0.0
gas,shift,offline_crc,0,1,0.05,0.1,0.0,0.0,-1.0,20,0.5713999999999999,0.4368,1.0,0.0786104480004627,0.011825188416,0.406328736,0.0,0.0,0,0.0
gas,shift,online_naive,0,1,0.05,0.1,0.1,0.0,-1.0,20,0.6646999999999998,0.0235,0.2,0.8916706520758335,0.0716457619199999,37.328600314880006,0.0001703,0.8366,19,0.0
gas,shift,online_ipw,0,1,0.05,0.1,0.1,0.0,-1.0,20,0.6685000000000001,0.02,0.1,0.9250573494125368,0.0747242219519999,38.51826539776001,0.0001756,0.8640000000000001,19,0.0
gas,shift,codec,0,1,0.05,0.1,0.1,0.0,-1.0,20,0.6678,0.0174,0.1,0.9051540145624688,0.0722645604095999,38.13678764134401,0.00017414,0.8568999999999999,19,0.0
gas,shift,codec_no_explore,0,1,0.05,0.1,0.0,0.0,-1.0,20,0.6678000000000001,0.022,0.1,0.8566334550104351,0.0698913917567999,35.305316499712006,0.00016072,0.8036,1,0.0
gas,shift,codec_no_aci,0,1,0.05,0.1,0.1,0.0,-1.0,20,0.6658999999999999,0.0129999999999999,0.05,0.9161569146864874,0.0736710062207999,38.32316329907199,0.00017482,0.8598000000000001,19,0.0
gas,shift,codec_bonferroni,0,1,0.05,0.1,0.1,0.0,-1.0,20,0.667,0.0268,0.2,0.8169798692039867,0.0649951127039999,34.543129658880005,0.0001578,0.7636,18,0.0
gas,shift,codec_rawconf,0,1,0.05,0.1,0.1,0.0,-1.0,20,0.6678,0.0,0.0,1.0,0.0770405279999999,43.59972992,0.0002,1.0,19,0.0
gas,shift,codec_two_tier,0,1,0.05,0.1,0.1,0.0,-1.0,20,0.6609999999999999,0.0277,0.1,0.791216372120417,0.0609552174335999,34.49861191270401,0.00015824,0.7676999999999999,19,0.0
gas,shift,device_only,0,2,0.05,0.1,0.0,0.0,-1.0,20,0.5648,0.4290999999999999,1.0,7.841053839511644e-05,3.6000000000000007e-06,0.012,0.0,0.0,0,0.0
gas,shift,cloud_only,0,2,0.05,0.1,0.0,0.0,-1.0,20,0.6678,0.0,0.0,1.0,0.0770405279999999,43.59972992,0.0002,1.0,0,0.0
gas,shift,fixed_conf,0,2,0.05,0.1,0.0,0.0,-1.0,20,0.5648,0.4290999999999999,1.0,7.841053839511644e-05,3.6000000000000007e-06,0.012,0.0,0.0,0,0.0
gas,shift,entropy,0,2,0.05,0.1,0.0,0.0,-1.0,20,0.5648,0.4290999999999999,1.0,7.841053839511644e-05,3.6000000000000007e-06,0.012,0.0,0.0,0,0.0
gas,shift,learned_router,0,2,0.05,0.1,0.0,0.0,-1.0,20,0.5648,0.4290999999999999,1.0,7.841053839511644e-05,3.6000000000000007e-06,0.012,0.0,0.0,0,0.0
gas,shift,cost_static,0,2,0.05,0.1,0.0,0.0,-1.0,20,0.5648,0.4290999999999999,1.0,7.841053839511644e-05,3.6000000000000007e-06,0.012,0.0,0.0,0,0.0
gas,shift,offline_crc,0,2,0.05,0.1,0.0,0.0,-1.0,20,0.5713999999999999,0.4368,1.0,0.0786104480004627,0.011825188416,0.406328736,0.0,0.0,0,0.0
gas,shift,online_naive,0,2,0.05,0.1,0.1,0.0,-1.0,20,0.6653999999999999,0.0214,0.15,0.8919437995403406,0.0715693060607999,37.391678858752,0.00017062,0.8390000000000001,19,0.0
gas,shift,online_ipw,0,2,0.05,0.1,0.1,0.0,-1.0,20,0.6679,0.0218999999999999,0.15,0.9236415153157764,0.0747388918271999,38.391598827008,0.00017498,0.8609,19,0.0
gas,shift,codec,0,2,0.05,0.1,0.1,0.0,-1.0,20,0.6693000000000001,0.0196,0.15,0.9148703304316016,0.0732568841087999,38.432403672832,0.00017542,0.8638,19,0.0
gas,shift,codec_no_explore,0,2,0.05,0.1,0.0,0.0,-1.0,20,0.6678000000000001,0.022,0.1,0.8566334550104351,0.0698913917567999,35.305316499712006,0.00016072,0.8036,1,0.0
gas,shift,codec_no_aci,0,2,0.05,0.1,0.1,0.0,-1.0,20,0.6653999999999999,0.0195,0.15,0.9147900447841106,0.0736856984447999,38.200599277312,0.00017422,0.8549999999999999,19,0.0
gas,shift,codec_bonferroni,0,2,0.05,0.1,0.1,0.0,-1.0,20,0.667,0.0281,0.15,0.804860180269708,0.0639863759231999,34.054181376768,0.00015558,0.7516999999999999,18,0.0
gas,shift,codec_rawconf,0,2,0.05,0.1,0.1,0.0,-1.0,20,0.6678,0.0,0.0,1.0,0.0770405279999999,43.59972992,0.0002,1.0,19,0.0
gas,shift,codec_two_tier,0,2,0.05,0.1,0.1,0.0,-1.0,20,0.6661,0.0225,0.15,0.8004156507434637,0.0616639571712,34.899619027968,0.00016008,0.7805000000000001,19,0.0
gas,shift,device_only,0,3,0.05,0.1,0.0,0.0,-1.0,20,0.5648,0.4290999999999999,1.0,7.841053839511644e-05,3.6000000000000007e-06,0.012,0.0,0.0,0,0.0
gas,shift,cloud_only,0,3,0.05,0.1,0.0,0.0,-1.0,20,0.6678,0.0,0.0,1.0,0.0770405279999999,43.59972992,0.0002,1.0,0,0.0
gas,shift,fixed_conf,0,3,0.05,0.1,0.0,0.0,-1.0,20,0.5648,0.4290999999999999,1.0,7.841053839511644e-05,3.6000000000000007e-06,0.012,0.0,0.0,0,0.0
gas,shift,entropy,0,3,0.05,0.1,0.0,0.0,-1.0,20,0.5648,0.4290999999999999,1.0,7.841053839511644e-05,3.6000000000000007e-06,0.012,0.0,0.0,0,0.0
gas,shift,learned_router,0,3,0.05,0.1,0.0,0.0,-1.0,20,0.5648,0.4290999999999999,1.0,7.841053839511644e-05,3.6000000000000007e-06,0.012,0.0,0.0,0,0.0
gas,shift,cost_static,0,3,0.05,0.1,0.0,0.0,-1.0,20,0.5648,0.4290999999999999,1.0,7.841053839511644e-05,3.6000000000000007e-06,0.012,0.0,0.0,0,0.0
gas,shift,offline_crc,0,3,0.05,0.1,0.0,0.0,-1.0,20,0.5713999999999999,0.4368,1.0,0.0786104480004627,0.011825188416,0.406328736,0.0,0.0,0,0.0
gas,shift,online_naive,0,3,0.05,0.1,0.1,0.0,-1.0,20,0.6648999999999999,0.0225,0.2,0.8922948039817419,0.0716000984831999,37.405011401728,0.00017068,0.8385,19,0.0
gas,shift,online_ipw,0,3,0.05,0.1,0.1,0.0,-1.0,20,0.6675000000000001,0.0212,0.15,0.9109460723800524,0.0735920472959999,37.92675635584,0.0001729,0.8512000000000001,19,0.0
gas,shift,codec,0,3,0.05,0.1,0.1,0.0,-1.0,20,0.6686,0.0194,0.2,0.8993910509168987,0.0717718146047999,37.911159306752,0.00017312,0.8515,19,0.0
gas,shift,codec_no_explore,0,3,0.05,0.1,0.0,0.0,-1.0,20,0.6678000000000001,0.022,0.1,0.8566334550104351,0.0698913917567999,35.305316499712006,0.00016072,0.8036,1,0.0
gas,shift,codec_no_aci,0,3,0.05,0.1,0.1,0.0,-1.0,20,0.6693,0.0152,0.1,0.9265452140760708,0.0742501017599999,38.89212166400001,0.0001775,0.8732,19,0.0
gas,shift,codec_bonferroni,0,3,0.05,0.1,0.1,0.0,-1.0,20,0.6659,0.0255,0.1,0.8088988768714588,0.0637125293951999,34.53726319180801,0.00015798,0.7659,19,0.0
gas,shift,codec_rawconf,0,3,0.05,0.1,0.1,0.0,-1.0,20,0.6678,0.0,0.0,1.0,0.0770405279999999,43.59972992,0.0002,1.0,19,0.0
gas,shift,codec_two_tier,0,3,0.05,0.1,0.1,0.0,-1.0,20,0.6628000000000001,0.026,0.1,0.7893165211004398,0.0608088472703999,34.41579522585601,0.00015786,0.7669,19,0.0
gas,shift,device_only,0,4,0.05,0.1,0.0,0.0,-1.0,20,0.5648,0.4290999999999999,1.0,7.841053839511644e-05,3.6000000000000007e-06,0.012,0.0,0.0,0,0.0
gas,shift,cloud_only,0,4,0.05,0.1,0.0,0.0,-1.0,20,0.6678,0.0,0.0,1.0,0.0770405279999999,43.59972992,0.0002,1.0,0,0.0
gas,shift,fixed_conf,0,4,0.05,0.1,0.0,0.0,-1.0,20,0.5648,0.4290999999999999,1.0,7.841053839511644e-05,3.6000000000000007e-06,0.012,0.0,0.0,0,0.0
gas,shift,entropy,0,4,0.05,0.1,0.0,0.0,-1.0,20,0.5648,0.4290999999999999,1.0,7.841053839511644e-05,3.6000000000000007e-06,0.012,0.0,0.0,0,0.0
gas,shift,learned_router,0,4,0.05,0.1,0.0,0.0,-1.0,20,0.5648,0.4290999999999999,1.0,7.841053839511644e-05,3.6000000000000007e-06,0.012,0.0,0.0,0,0.0
gas,shift,cost_static,0,4,0.05,0.1,0.0,0.0,-1.0,20,0.5648,0.4290999999999999,1.0,7.841053839511644e-05,3.6000000000000007e-06,0.012,0.0,0.0,0,0.0
gas,shift,offline_crc,0,4,0.05,0.1,0.0,0.0,-1.0,20,0.5713999999999999,0.4368,1.0,0.0786104480004627,0.011825188416,0.406328736,0.0,0.0,0,0.0
gas,shift,online_naive,0,4,0.05,0.1,0.1,0.0,-1.0,20,0.6653999999999999,0.0214,0.15,0.8932637690185133,0.0715622504831999,37.506294006528,0.00017118,0.8390000000000001,19,0.0
gas,shift,online_ipw,0,4,0.05,0.1,0.1,0.0,-1.0,20,0.6683000000000001,0.0197,0.1,0.9261994697548696,0.0746022143999999,38.67826777344,0.0001764,0.8695999999999999,19,0.0
gas,shift,codec,0,4,0.05,0.1,0.1,0.0,-1.0,20,0.6682,0.0176,0.1,0.909423287134384,0.0726647278079999,38.28549540608001,0.0001748,0.8603,19,0.0
gas,shift,codec_no_explore,0,4,0.05,0.1,0.0,0.0,-1.0,20,0.6678000000000001,0.022,0.1,0.8566334550104351,0.0698913917567999,35.305316499712006,0.00016072,0.8036,1,0.0
gas,shift,codec_no_aci,0,4,0.05,0.1,0.1,0.0,-1.0,20,0.6683000000000001,0.019,0.15,0.927542140705015,0.0746794077695999,38.750573346304,0.00017674,0.869,19,0.0
gas,shift,codec_bonferroni,0,4,0.05,0.1,0.1,0.0,-1.0,20,0.6655,0.0279,0.15,0.8016454185022548,0.0635024512511999,34.038039264767995,0.00015558,0.7537,18,0.0
gas,shift,codec_rawconf,0,4,0.05,0.1,0.1,0.0,-1.0,20,0.6678,0.0,0.0,1.0,0.0770405279999999,43.59972992,0.0002,1.0,19,0.0
gas,shift,codec_two_tier,0,4,0.05,0.1,0.1,0.0,-1.0,20,0.662,0.0317,0.2,0.7784173757753083,0.0599691447551999,33.94068896972801,0.00015568,0.755,19,0.0
gas,shift,device_only,1,0,0.05,0.1,0.0,0.0,-1.0,20,0.5525000000000001,0.4343,1.0,7.841053839511644e-05,3.6000000000000007e-06,0.012,0.0,0.0,0,0.0
gas,shift,cloud_only,1,0,0.05,0.1,0.0,0.0,-1.0,20,0.6535,0.0,0.0,1.0,0.0770405279999999,43.59972992,0.0002,1.0,0,0.0
gas,shift,fixed_conf,1,0,0.05,0.1,0.0,0.0,-1.0,20,0.5525000000000001,0.4343,1.0,7.841053839511644e-05,3.6000000000000007e-06,0.012,0.0,0.0,0,0.0
gas,shift,entropy,1,0,0.05,0.1,0.0,0.0,-1.0,20,0.5525000000000001,0.4343,1.0,7.841053839511644e-05,3.6000000000000007e-06,0.012,0.0,0.0,0,0.0
gas,shift,learned_router,1,0,0.05,0.1,0.0,0.0,-1.0,20,0.5525000000000001,0.4343,1.0,7.841053839511644e-05,3.6000000000000007e-06,0.012,0.0,0.0,0,0.0
gas,shift,cost_static,1,0,0.05,0.1,0.0,0.0,-1.0,20,0.5525000000000001,0.4343,1.0,7.841053839511644e-05,3.6000000000000007e-06,0.012,0.0,0.0,0,0.0
gas,shift,offline_crc,1,0,0.05,0.1,0.0,0.0,-1.0,20,0.5597000000000001,0.4225999999999999,1.0,0.068659994910727,0.010327326336,0.356365056,0.0,0.0,0,0.0
gas,shift,online_naive,1,0,0.05,0.1,0.1,0.0,-1.0,20,0.6379999999999999,0.0353,0.35,0.8486405128733715,0.0720243403775999,33.51424575334399,0.00015164,0.7304,19,0.0
gas,shift,online_ipw,1,0,0.05,0.1,0.1,0.0,-1.0,20,0.6443000000000001,0.0199,0.15,0.889946624300106,0.0736054366463999,36.155223863296,0.00016426,0.8018000000000001,19,0.0
gas,shift,codec,1,0,0.05,0.1,0.1,0.0,-1.0,20,0.6405000000000001,0.0228,0.2,0.8796688373098684,0.0737998549247999,35.189581576192005,0.00015952,0.7731,19,0.0
gas,shift,codec_no_explore,1,0,0.05,0.1,0.0,0.0,-1.0,20,0.6405,0.0308,0.35,0.8725951662143581,0.0769823764224,32.92489744281601,0.00014796,0.7398,1,0.0
gas,shift,codec_no_aci,1,0,0.05,0.1,0.1,0.0,-1.0,20,0.646,0.0156,0.1,0.8958604066796815,0.0733860523391999,36.767278265088,0.00016728,0.8184000000000001,19,0.0
gas,shift,codec_bonferroni,1,0,0.05,0.1,0.1,0.0,-1.0,20,0.6451,0.0281,0.2,0.790673147909097,0.0647533638912,32.45955314892801,0.00014768,0.7101,18,0.0
gas,shift,codec_rawconf,1,0,0.05,0.1,0.1,0.0,-1.0,20,0.6535,0.0,0.0,1.0,0.0770405279999999,43.59972992,0.0002,1.0,19,0.0
gas,shift,codec_two_tier,1,0,0.05,0.1,0.1,0.0,-1.0,20,0.6527999999999999,0.0232,0.15,0.8072151175518026,0.0621878082816,35.196015591424,0.00016144,0.7874000000000001,19,0.0
gas,shift,device_only,1,1,0.05,0.1,0.0,0.0,-1.0,20,0.5525000000000001,0.4343,1.0,7.841053839511644e-05,3.6000000000000007e-06,0.012,0.0,0.0,0,0.0
gas,shift,cloud_only,1,1,0.05,0.1,0.0,0.0,-1.0,20,0.6535,0.0,0.0,1.0,0.0770405279999999,43.59972992,0.0002,1.0,0,0.0
gas,shift,fixed_conf,1,1,0.05,0.1,0.0,0.0,-1.0,20,0.5525000000000001,0.4343,1.0,7.841053839511644e-05,3.6000000000000007e-06,0.012,0.0,0.0,0,0.0
gas,shift,entropy,1,1,0.05,0.1,0.0,0.0,-1.0,20,0.5525000000000001,0.4343,1.0,7.841053839511644e-05,3.6000000000000007e-06,0.012,0.0,0.0,0,0.0
gas,shift,learned_router,1,1,0.05,0.1,0.0,0.0,-1.0,20,0.5525000000000001,0.4343,1.0,7.841053839511644e-05,3.6000000000000007e-06,0.012,0.0,0.0,0,0.0
gas,shift,cost_static,1,1,0.05,0.1,0.0,0.0,-1.0,20,0.5525000000000001,0.4343,1.0,7.841053839511644e-05,3.6000000000000007e-06,0.012,0.0,0.0,0,0.0
gas,shift,offline_crc,1,1,0.05,0.1,0.0,0.0,-1.0,20,0.5597000000000001,0.4225999999999999,1.0,0.068659994910727,0.010327326336,0.356365056,0.0,0.0,0,0.0
gas,shift,online_naive,1,1,0.05,0.1,0.1,0.0,-1.0,20,0.6386999999999999,0.0366999999999999,0.35,0.8486643469251854,0.0724761763967999,33.279107480832,0.00015042,0.7264999999999999,19,0.0
gas,shift,online_ipw,1,1,0.05,0.1,0.1,0.0,-1.0,20,0.6454,0.0152,0.1,0.901652263107762,0.0739860240768,36.939058049792,0.00016802,0.8237,19,0.0
gas,shift,codec,1,1,0.05,0.1,0.1,0.0,-1.0,20,0.6388000000000001,0.0315,0.3,0.8562789271971842,0.0720278267904,34.154243396096,0.00015476,0.7467999999999998,19,0.0
gas,shift,codec_no_explore,1,1,0.05,0.1,0.0,0.0,-1.0,20,0.6405,0.0308,0.35,0.8725951662143581,0.0769823764224,32.92489744281601,0.00014796,0.7398,1,0.0
gas,shift,codec_no_aci,1,1,0.05,0.1,0.1,0.0,-1.0,20,0.6468,0.0143,0.05,0.8984024172472604,0.0733718964863999,36.988303462656,0.00016836,0.8252,19,0.0
gas,shift,codec_bonferroni,1,1,0.05,0.1,0.1,0.0,-1.0,20,0.6458999999999999,0.0227,0.2,0.8054620334826497,0.0653114938367999,33.409279898112004,0.00015222,0.7364,18,0.0
gas,shift,codec_rawconf,1,1,0.05,0.1,0.1,0.0,-1.0,20,0.6535,0.0,0.0,1.0,0.0770405279999999,43.59972992,0.0002,1.0,19,0.0
gas,shift,codec_two_tier,1,1,0.05,0.1,0.1,0.0,-1.0,20,0.6529999999999999,0.0236,0.15,0.8078150705054794,0.0622340304384,35.22216822937601,0.00016156,0.7862000000000001,19,0.0
gas,shift,device_only,1,2,0.05,0.1,0.0,0.0,-1.0,20,0.5525000000000001,0.4343,1.0,7.841053839511644e-05,3.6000000000000007e-06,0.012,0.0,0.0,0,0.0
gas,shift,cloud_only,1,2,0.05,0.1,0.0,0.0,-1.0,20,0.6535,0.0,0.0,1.0,0.0770405279999999,43.59972992,0.0002,1.0,0,0.0
gas,shift,fixed_conf,1,2,0.05,0.1,0.0,0.0,-1.0,20,0.5525000000000001,0.4343,1.0,7.841053839511644e-05,3.6000000000000007e-06,0.012,0.0,0.0,0,0.0
gas,shift,entropy,1,2,0.05,0.1,0.0,0.0,-1.0,20,0.5525000000000001,0.4343,1.0,7.841053839511644e-05,3.6000000000000007e-06,0.012,0.0,0.0,0,0.0
gas,shift,learned_router,1,2,0.05,0.1,0.0,0.0,-1.0,20,0.5525000000000001,0.4343,1.0,7.841053839511644e-05,3.6000000000000007e-06,0.012,0.0,0.0,0,0.0
gas,shift,cost_static,1,2,0.05,0.1,0.0,0.0,-1.0,20,0.5525000000000001,0.4343,1.0,7.841053839511644e-05,3.6000000000000007e-06,0.012,0.0,0.0,0,0.0
gas,shift,offline_crc,1,2,0.05,0.1,0.0,0.0,-1.0,20,0.5597000000000001,0.4225999999999999,1.0,0.068659994910727,0.010327326336,0.356365056,0.0,0.0,0,0.0
gas,shift,online_naive,1,2,0.05,0.1,0.1,0.0,-1.0,20,0.637,0.0376,0.35,0.8417787680592351,0.0718144410239999,33.04784221824001,0.0001494,0.7177,19,0.0
gas,shift,online_ipw,1,2,0.05,0.1,0.1,0.0,-1.0,20,0.6457999999999999,0.0164,0.1,0.8953533233840748,0.0736844849663999,36.568041002496,0.00016626,0.8126000000000001,19,0.0
gas,shift,codec,1,2,0.05,0.1,0.1,0.0,-1.0,20,0.6378,0.0271,0.3,0.8679264155394014,0.0727376839679999,34.76037796096,0.0001576,0.7667999999999998,19,0.0
gas,shift,codec_no_explore,1,2,0.05,0.1,0.0,0.0,-1.0,20,0.6405,0.0308,0.35,0.8725951662143581,0.0769823764224,32.92489744281601,0.00014796,0.7398,1,0.0
gas,shift,codec_no_aci,1,2,0.05,0.1,0.1,0.0,-1.0,20,0.6473,0.0125,0.05,0.9019854234183848,0.0728604423167999,37.557800960512,0.00017122,0.8403,19,0.0
gas,shift,codec_bonferroni,1,2,0.05,0.1,0.1,0.0,-1.0,20,0.6429,0.0322,0.3,0.78062460291968,0.0645266938751999,31.734176579328004,0.00014418,0.6853,19,0.0
gas,shift,codec_rawconf,1,2,0.05,0.1,0.1,0.0,-1.0,20,0.6535,0.0,0.0,1.0,0.0770405279999999,43.59972992,0.0002,1.0,19,0.0
gas,shift,codec_two_tier,1,2,0.05,0.1,0.1,0.0,-1.0,20,0.6544,0.0204,0.1,0.81301466277068,0.0626346224639999,35.44882442496001,0.0001626,0.7912000000000001,19,0.0
gas,shift,device_only,1,3,0.05,0.1,0.0,0.0,-1.0,20,0.5525000000000001,0.4343,1.0,7.841053839511644e-05,3.6000000000000007e-06,0.012,0.0,0.0,0,0.0
gas,shift,cloud_only,1,3,0.05,0.1,0.0,0.0,-1.0,20,0.6535,0.0,0.0,1.0,0.0770405279999999,43.59972992,0.0002,1.0,0,0.0
gas,shift,fixed_conf,1,3,0.05,0.1,0.0,0.0,-1.0,20,0.5525000000000001,0.4343,1.0,7.841053839511644e-05,3.6000000000000007e-06,0.012,0.0,0.0,0,0.0
gas,shift,entropy,1,3,0.05,0.1,0.0,0.0,-1.0,20,0.5525000000000001,0.4343,1.0,7.841053839511644e-05,3.6000000000000007e-06,0.012,0.0,0.0,0,0.0
gas,shift,learned_router,1,3,0.05,0.1,0.0,0.0,-1.0,20,0.5525000000000001,0.4343,1.0,7.841053839511644e-05,3.6000000000000007e-06,0.012,0.0,0.0,0,0.0
gas,shift,cost_static,1,3,0.05,0.1,0.0,0.0,-1.0,20,0.5525000000000001,0.4343,1.0,7.841053839511644e-05,3.6000000000000007e-06,0.012,0.0,0.0,0,0.0
gas,shift,offline_crc,1,3,0.05,0.1,0.0,0.0,-1.0,20,0.5597000000000001,0.4225999999999999,1.0,0.068659994910727,0.010327326336,0.356365056,0.0,0.0,0,0.0
gas,shift,online_naive,1,3,0.05,0.1,0.1,0.0,-1.0,20,0.6376999999999999,0.0331,0.3,0.8419965586293177,0.0709874706816,33.50016825830401,0.00015174,0.7338,19,0.0
gas,shift,online_ipw,1,3,0.05,0.1,0.1,0.0,-1.0,20,0.6417,0.0299,0.3,0.8786057065242708,0.0743966978303999,34.787004502016,0.00015746,0.7650999999999999,19,0.0
gas,shift,codec,1,3,0.05,0.1,0.1,0.0,-1.0,20,0.6384000000000001,0.0274,0.25,0.8670840702844045,0.0721552874496,34.995262974464005,0.00015884,0.7741,19,0.0
gas,shift,codec_no_explore,1,3,0.05,0.1,0.0,0.0,-1.0,20,0.6405,0.0308,0.35,0.8725951662143581,0.0769823764224,32.92489744281601,0.00014796,0.7398,1,0.0
gas,shift,codec_no_aci,1,3,0.05,0.1,0.1,0.0,-1.0,20,0.6455,0.0163,0.15,0.8939367216078906,0.0727878461567999,36.919599850752,0.00016812,0.8209,19,0.0
gas,shift,codec_bonferroni,1,3,0.05,0.1,0.1,0.0,-1.0,20,0.6433,0.0319,0.25,0.7950863181036454,0.0655058674175999,32.435432513024004,0.00014744,0.7068,18,0.0
gas,shift,codec_rawconf,1,3,0.05,0.1,0.1,0.0,-1.0,20,0.6535,0.0,0.0,1.0,0.0770405279999999,43.59972992,0.0002,1.0,19,0.0
gas,shift,codec_two_tier,1,3,0.05,0.1,0.1,0.0,-1.0,20,0.6529,0.0219,0.15,0.814414552995926,0.0627424741631999,35.50984724684801,0.00016288,0.7942000000000001,19,0.0
gas,shift,device_only,1,4,0.05,0.1,0.0,0.0,-1.0,20,0.5525000000000001,0.4343,1.0,7.841053839511644e-05,3.6000000000000007e-06,0.012,0.0,0.0,0,0.0
gas,shift,cloud_only,1,4,0.05,0.1,0.0,0.0,-1.0,20,0.6535,0.0,0.0,1.0,0.0770405279999999,43.59972992,0.0002,1.0,0,0.0
gas,shift,fixed_conf,1,4,0.05,0.1,0.0,0.0,-1.0,20,0.5525000000000001,0.4343,1.0,7.841053839511644e-05,3.6000000000000007e-06,0.012,0.0,0.0,0,0.0
gas,shift,entropy,1,4,0.05,0.1,0.0,0.0,-1.0,20,0.5525000000000001,0.4343,1.0,7.841053839511644e-05,3.6000000000000007e-06,0.012,0.0,0.0,0,0.0
gas,shift,learned_router,1,4,0.05,0.1,0.0,0.0,-1.0,20,0.5525000000000001,0.4343,1.0,7.841053839511644e-05,3.6000000000000007e-06,0.012,0.0,0.0,0,0.0
gas,shift,cost_static,1,4,0.05,0.1,0.0,0.0,-1.0,20,0.5525000000000001,0.4343,1.0,7.841053839511644e-05,3.6000000000000007e-06,0.012,0.0,0.0,0,0.0
gas,shift,offline_crc,1,4,0.05,0.1,0.0,0.0,-1.0,20,0.5597000000000001,0.4225999999999999,1.0,0.068659994910727,0.010327326336,0.356365056,0.0,0.0,0,0.0
gas,shift,online_naive,1,4,0.05,0.1,0.1,0.0,-1.0,20,0.6405,0.0309,0.3,0.8442802330240624,0.0705596620416,33.916587358464,0.00015384,0.7407,19,0.0
gas,shift,online_ipw,1,4,0.05,0.1,0.1,0.0,-1.0,20,0.647,0.0154,0.1,0.8989023780419914,0.0734104149503999,37.01009732761601,0.00016846,0.8243,19,0.0
gas,shift,codec,1,4,0.05,0.1,0.1,0.0,-1.0,20,0.6432,0.0209,0.15,0.8864849777905566,0.0731137412351999,36.12241533132799,0.00016418,0.8029000000000002,19,0.0
gas,shift,codec_no_explore,1,4,0.05,0.1,0.0,0.0,-1.0,20,0.6405,0.0308,0.35,0.8725951662143581,0.0769823764224,32.92489744281601,0.00014796,0.7398,1,0.0
gas,shift,codec_no_aci,1,4,0.05,0.1,0.1,0.0,-1.0,20,0.6456000000000001,0.0177,0.15,0.898374657044591,0.0736322576255999,36.84932331494401,0.00016764,0.8184000000000001,19,0.0
gas,shift,codec_bonferroni,1,4,0.05,0.1,0.1,0.0,-1.0,20,0.6474,0.0196,0.1,0.8008659554215644,0.0647886484223999,33.297498039296,0.00015176,0.7342,18,0.0
gas,shift,codec_rawconf,1,4,0.05,0.1,0.1,0.0,-1.0,20,0.6535,0.0,0.0,1.0,0.0770405279999999,43.59972992,0.0002,1.0,19,0.0
gas,shift,codec_two_tier,1,4,0.05,0.1,0.1,0.0,-1.0,20,0.6531,0.0235,0.15,0.8067151567570716,0.0621492898175999,35.174221726464,0.00016134,0.7834000000000001,19,0.0
gas,shift,device_only,2,0,0.05,0.1,0.0,0.0,-1.0,20,0.5287,0.4044,1.0,7.841053839511644e-05,3.6000000000000007e-06,0.012,0.0,0.0,0,0.0
gas,shift,cloud_only,2,0,0.05,0.1,0.0,0.0,-1.0,20,0.6359,0.0,0.0,1.0,0.0770405279999999,43.59972992,0.0002,1.0,0,0.0
gas,shift,fixed_conf,2,0,0.05,0.1,0.0,0.0,-1.0,20,0.5287,0.4044,1.0,7.841053839511644e-05,3.6000000000000007e-06,0.012,0.0,0.0,0,0.0
gas,shift,entropy,2,0,0.05,0.1,0.0,0.0,-1.0,20,0.5287,0.4044,1.0,7.841053839511644e-05,3.6000000000000007e-06,0.012,0.0,0.0,0,0.0
gas,shift,learned_router,2,0,0.05,0.1,0.0,0.0,-1.0,20,0.5287,0.4044,1.0,7.841053839511644e-05,3.6000000000000007e-06,0.012,0.0,0.0,0,0.0
gas,shift,cost_static,2,0,0.05,0.1,0.0,0.0,-1.0,20,0.5287,0.4044,1.0,7.841053839511644e-05,3.6000000000000007e-06,0.012,0.0,0.0,0,0.0
gas,shift,offline_crc,2,0,0.05,0.1,0.0,0.0,-1.0,20,0.5287,0.4044,1.0,7.841053839511644e-05,3.6000000000000007e-06,0.012,0.0,0.0,0,0.0
gas,shift,online_naive,2,0,0.05,0.1,0.1,0.0,-1.0,20,0.6293000000000001,0.0407,0.35,0.8415006874963573,0.0689655182975999,34.519700605184,0.00015704,0.7613000000000001,19,0.0
gas,shift,online_ipw,2,0,0.05,0.1,0.1,0.0,-1.0,20,0.6310000000000001,0.0235,0.1,0.8931167508030373,0.0748321721087999,35.777759706112,0.00016222,0.7889999999999999,19,0.0
gas,shift,codec,2,0,0.05,0.1,0.1,0.0,-1.0,20,0.6318,0.0234,0.1,0.8746082095689299,0.0708262204416,36.325033910784,0.00016554,0.8078,19,0.0
gas,shift,codec_no_explore,2,0,0.05,0.1,0.0,0.0,-1.0,20,0.6359999999999999,0.0096,0.0,0.8668112119631377,0.0676905178751999,37.315618875648,0.00017088,0.8544,4,0.0
gas,shift,codec_no_aci,2,0,0.05,0.1,0.1,0.0,-1.0,20,0.6313000000000001,0.0204,0.05,0.9009296544017548,0.0758466011903999,35.901837351935995,0.00016266,0.7939,19,0.0
gas,shift,codec_bonferroni,2,0,0.05,0.1,0.1,0.0,-1.0,20,0.6477999999999999,0.0278,0.2,0.8027387760397071,0.0641079364991999,33.812128021248,0.00015438,0.7473,18,0.0
gas,shift,codec_rawconf,2,0,0.05,0.1,0.1,0.0,-1.0,20,0.6359,0.0,0.0,1.0,0.0770405279999999,43.59972992,0.0002,1.0,19,0.0
gas,shift,codec_two_tier,2,0,0.05,0.1,0.1,0.0,-1.0,20,0.6505,0.04,0.25,0.7625186225028691,0.0587442575999999,33.247644064,0.0001525,0.7352000000000001,19,0.0
gas,shift,device_only,2,1,0.05,0.1,0.0,0.0,-1.0,20,0.5287,0.4044,1.0,7.841053839511644e-05,3.6000000000000007e-06,0.012,0.0,0.0,0,0.0
gas,shift,cloud_only,2,1,0.05,0.1,0.0,0.0,-1.0,20,0.6359,0.0,0.0,1.0,0.0770405279999999,43.59972992,0.0002,1.0,0,0.0
gas,shift,fixed_conf,2,1,0.05,0.1,0.0,0.0,-1.0,20,0.5287,0.4044,1.0,7.841053839511644e-05,3.6000000000000007e-06,0.012,0.0,0.0,0,0.0
gas,shift,entropy,2,1,0.05,0.1,0.0,0.0,-1.0,20,0.5287,0.4044,1.0,7.841053839511644e-05,3.6000000000000007e-06,0.012,0.0,0.0,0,0.0
gas,shift,learned_router,2,1,0.05,0.1,0.0,0.0,-1.0,20,0.5287,0.4044,1.0,7.841053839511644e-05,3.6000000000000007e-06,0.012,0.0,0.0,0,0.0
gas,shift,cost_static,2,1,0.05,0.1,0.0,0.0,-1.0,20,0.5287,0.4044,1.0,7.841053839511644e-05,3.6000000000000007e-06,0.012,0.0,0.0,0,0.0
gas,shift,offline_crc,2,1,0.05,0.1,0.0,0.0,-1.0,20,0.5287,0.4044,1.0,7.841053839511644e-05,3.6000000000000007e-06,0.012,0.0,0.0,0,0.0
gas,shift,online_naive,2,1,0.05,0.1,0.1,0.0,-1.0,20,0.6307,0.0351,0.3,0.847222740638758,0.0687613625855999,35.107652161024,0.00015994,0.7756000000000001,19,0.0
gas,shift,online_ipw,2,1,0.05,0.1,0.1,0.0,-1.0,20,0.6306,0.0247,0.1,0.8821810239045981,0.074038401216,35.275472951039994,0.0001599,0.7804,19,0.0
gas,shift,codec,2,1,0.05,0.1,0.1,0.0,-1.0,20,0.6304,0.025,0.1,0.8765480399017379,0.0720294201983999,35.856545003776,0.00016306,0.7948,19,0.0
gas,shift,codec_no_explore,2,1,0.05,0.1,0.0,0.0,-1.0,20,0.6359999999999999,0.0096,0.0,0.8668112119631377,0.0676905178751999,37.315618875648,0.00017088,0.8544,4,0.0
gas,shift,codec_no_aci,2,1,0.05,0.1,0.1,0.0,-1.0,20,0.6329,0.0203,0.1,0.9001645998337313,0.0751876594175999,36.183390713344,0.00016414,0.8012,19,0.0
gas,shift,codec_bonferroni,2,1,0.05,0.1,0.1,0.0,-1.0,20,0.6402,0.025,0.15,0.8128955682687875,0.0643729461888,34.526478063872005,0.00015782,0.7654,18,0.0
gas,shift,codec_rawconf,2,1,0.05,0.1,0.1,0.0,-1.0,20,0.6359,0.0,0.0,1.0,0.0770405279999999,43.59972992,0.0002,1.0,19,0.0
gas,shift,codec_two_tier,2,1,0.05,0.1,0.1,0.0,-1.0,20,0.6463,0.0307,0.15,0.7896164975772784,0.0608319583487999,34.428871544832,0.00015792,0.7661,19,0.0
gas,shift,device_only,2,2,0.05,0.1,0.0,0.0,-1.0,20,0.5287,0.4044,1.0,7.841053839511644e-05,3.6000000000000007e-06,0.012,0.0,0.0,0,0.0
gas,shift,cloud_only,2,2,0.05,0.1,0.0,0.0,-1.0,20,0.6359,0.0,0.0,1.0,0.0770405279999999,43.59972992,0.0002,1.0,0,0.0
gas,shift,fixed_conf,2,2,0.05,0.1,0.0,0.0,-1.0,20,0.5287,0.4044,1.0,7.841053839511644e-05,3.6000000000000007e-06,0.012,0.0,0.0,0,0.0
gas,shift,entropy,2,2,0.05,0.1,0.0,0.0,-1.0,20,0.5287,0.4044,1.0,7.841053839511644e-05,3.6000000000000007e-06,0.012,0.0,0.0,0,0.0
gas,shift,learned_router,2,2,0.05,0.1,0.0,0.0,-1.0,20,0.5287,0.4044,1.0,7.841053839511644e-05,3.6000000000000007e-06,0.012,0.0,0.0,0,0.0
gas,shift,cost_static,2,2,0.05,0.1,0.0,0.0,-1.0,20,0.5287,0.4044,1.0,7.841053839511644e-05,3.6000000000000007e-06,0.012,0.0,0.0,0,0.0
gas,shift,offline_crc,2,2,0.05,0.1,0.0,0.0,-1.0,20,0.5287,0.4044,1.0,7.841053839511644e-05,3.6000000000000007e-06,0.012,0.0,0.0,0,0.0
gas,shift,online_naive,2,2,0.05,0.1,0.1,0.0,-1.0,20,0.6321000000000001,0.0297,0.25,0.8505491095068095,0.0683876362368,35.58330051507201,0.00016232,0.7912999999999999,19,0.0
gas,shift,online_ipw,2,2,0.05,0.1,0.1,0.0,-1.0,20,0.6301000000000001,0.0235,0.1,0.8905216485007165,0.0748309876223999,35.560324609536,0.0001611599999999,0.7838999999999999,19,0.0
gas,shift,codec,2,2,0.05,0.1,0.1,0.0,-1.0,20,0.6306999999999999,0.0249999999999999,0.1,0.8804263665980099,0.0733407174912,35.49420695756801,0.00016108,0.7866,19,0.0
gas,shift,codec_no_explore,2,2,0.05,0.1,0.0,0.0,-1.0,20,0.6359999999999999,0.0096,0.0,0.8668112119631377,0.0676905178751999,37.315618875648,0.00017088,0.8544,4,0.0
gas,shift,codec_no_aci,2,2,0.05,0.1,0.1,0.0,-1.0,20,0.6314000000000001,0.0209,0.1,0.8974349875693362,0.0752323618559999,35.930570019840005,0.0001629,0.7921999999999999,19,0.0
gas,shift,codec_bonferroni,2,2,0.05,0.1,0.1,0.0,-1.0,20,0.6381000000000001,0.0242,0.1,0.8234645482438141,0.0659859613824,34.567977456896,0.00015776,0.7668,18,0.0
gas,shift,codec_rawconf,2,2,0.05,0.1,0.1,0.0,-1.0,20,0.6359,0.0,0.0,1.0,0.0770405279999999,43.59972992,0.0002,1.0,19,0.0
gas,shift,codec_two_tier,2,2,0.05,0.1,0.1,0.0,-1.0,20,0.6474,0.026,0.1,0.802515486081333,0.0618257347199999,34.991153260800004,0.0001605,0.7815000000000001,19,0.0
gas,shift,device_only,2,3,0.05,0.1,0.0,0.0,-1.0,20,0.5287,0.4044,1.0,7.841053839511644e-05,3.6000000000000007e-06,0.012,0.0,0.0,0,0.0
gas,shift,cloud_only,2,3,0.05,0.1,0.0,0.0,-1.0,20,0.6359,0.0,0.0,1.0,0.0770405279999999,43.59972992,0.0002,1.0,0,0.0
gas,shift,fixed_conf,2,3,0.05,0.1,0.0,0.0,-1.0,20,0.5287,0.4044,1.0,7.841053839511644e-05,3.6000000000000007e-06,0.012,0.0,0.0,0,0.0
gas,shift,entropy,2,3,0.05,0.1,0.0,0.0,-1.0,20,0.5287,0.4044,1.0,7.841053839511644e-05,3.6000000000000007e-06,0.012,0.0,0.0,0,0.0
gas,shift,learned_router,2,3,0.05,0.1,0.0,0.0,-1.0,20,0.5287,0.4044,1.0,7.841053839511644e-05,3.6000000000000007e-06,0.012,0.0,0.0,0,0.0
gas,shift,cost_static,2,3,0.05,0.1,0.0,0.0,-1.0,20,0.5287,0.4044,1.0,7.841053839511644e-05,3.6000000000000007e-06,0.012,0.0,0.0,0,0.0
gas,shift,offline_crc,2,3,0.05,0.1,0.0,0.0,-1.0,20,0.5287,0.4044,1.0,7.841053839511644e-05,3.6000000000000007e-06,0.012,0.0,0.0,0,0.0
gas,shift,online_naive,2,3,0.05,0.1,0.1,0.0,-1.0,20,0.6307,0.0351,0.3,0.8470737842854283,0.0687536365439999,35.09919083904,0.0001599,0.7756000000000001,19,0.0
gas,shift,online_ipw,2,3,0.05,0.1,0.1,0.0,-1.0,20,0.6307,0.0240999999999999,0.1,0.8944106589483022,0.0756368582783999,35.464151659776,0.00016056,0.7827,19,0.0
gas,shift,codec,2,3,0.05,0.1,0.1,0.0,-1.0,20,0.632,0.0281999999999999,0.2,0.8664925359223592,0.0708684645119999,35.62093282816001,0.0001621,0.7907,19,0.0
gas,shift,codec_no_explore,2,3,0.05,0.1,0.0,0.0,-1.0,20,0.6359999999999999,0.0096,0.0,0.8668112119631377,0.0676905178751999,37.315618875648,0.00017088,0.8544,4,0.0
gas,shift,codec_no_aci,2,3,0.05,0.1,0.1,0.0,-1.0,20,0.6315,0.0206,0.05,0.8954582107628031,0.0746188153343999,36.086481706496,0.00016376,0.8002,19,0.0
gas,shift,codec_bonferroni,2,3,0.05,0.1,0.1,0.0,-1.0,20,0.6405000000000001,0.0304,0.2,0.7980624123311307,0.0640139054207999,33.468541766912,0.00015272,0.7383,18,0.0
gas,shift,codec_rawconf,2,3,0.05,0.1,0.1,0.0,-1.0,20,0.6359,0.0,0.0,1.0,0.0770405279999999,43.59972992,0.0002,1.0,19,0.0
gas,shift,codec_two_tier,2,3,0.05,0.1,0.1,0.0,-1.0,20,0.6464000000000001,0.0318,0.2,0.7878166387162473,0.0606932918784,34.35041363097601,0.00015756,0.7653999999999999,19,0.0
gas,shift,device_only,2,4,0.05,0.1,0.0,0.0,-1.0,20,0.5287,0.4044,1.0,7.841053839511644e-05,3.6000000000000007e-06,0.012,0.0,0.0,0,0.0
gas,shift,cloud_only,2,4,0.05,0.1,0.0,0.0,-1.0,20,0.6359,0.0,0.0,1.0,0.0770405279999999,43.59972992,0.0002,1.0,0,0.0
gas,shift,fixed_conf,2,4,0.05,0.1,0.0,0.0,-1.0,20,0.5287,0.4044,1.0,7.841053839511644e-05,3.6000000000000007e-06,0.012,0.0,0.0,0,0.0
gas,shift,entropy,2,4,0.05,0.1,0.0,0.0,-1.0,20,0.5287,0.4044,1.0,7.841053839511644e-05,3.6000000000000007e-06,0.012,0.0,0.0,0,0.0
gas,shift,learned_router,2,4,0.05,0.1,0.0,0.0,-1.0,20,0.5287,0.4044,1.0,7.841053839511644e-05,3.6000000000000007e-06,0.012,0.0,0.0,0,0.0
gas,shift,cost_static,2,4,0.05,0.1,0.0,0.0,-1.0,20,0.5287,0.4044,1.0,7.841053839511644e-05,3.6000000000000007e-06,0.012,0.0,0.0,0,0.0
gas,shift,offline_crc,2,4,0.05,0.1,0.0,0.0,-1.0,20,0.5287,0.4044,1.0,7.841053839511644e-05,3.6000000000000007e-06,0.012,0.0,0.0,0,0.0
gas,shift,online_naive,2,4,0.05,0.1,0.1,0.0,-1.0,20,0.6317,0.0317,0.3,0.8505316681550367,0.068686292352,35.42508874240001,0.0001615,0.7866000000000001,19,0.0
gas,shift,online_ipw,2,4,0.05,0.1,0.1,0.0,-1.0,20,0.6325000000000001,0.0212999999999999,0.1,0.8962446328334552,0.0742669038335999,36.337258537984,0.00016504,0.8038000000000001,19,0.0
gas,shift,codec,2,4,0.05,0.1,0.1,0.0,-1.0,20,0.6306,0.0287,0.15,0.8661038173278095,0.0705160166399999,35.77324848384,0.0001629,0.7956999999999999,19,0.0
gas,shift,codec_no_explore,2,4,0.05,0.1,0.0,0.0,-1.0,20,0.6359999999999999,0.0096,0.0,0.8668112119631377,0.0676905178751999,37.315618875648,0.00017088,0.8544,4,0.0
gas,shift,codec_no_aci,2,4,0.05,0.1,0.1,0.0,-1.0,20,0.6334,0.0185,0.05,0.9061782108613388,0.0762472155647999,36.132596096512,0.00016372,0.8008,19,0.0
gas,shift,codec_bonferroni,2,4,0.05,0.1,0.1,0.0,-1.0,20,0.6440999999999999,0.0258,0.05,0.8071572063544552,0.0652433450879999,33.58748603776001,0.0001531,0.7420000000000001,17,0.0
gas,shift,codec_rawconf,2,4,0.05,0.1,0.1,0.0,-1.0,20,0.6359,0.0,0.0,1.0,0.0770405279999999,43.59972992,0.0002,1.0,19,0.0
gas,shift,codec_two_tier,2,4,0.05,0.1,0.1,0.0,-1.0,20,0.6480000000000001,0.0313,0.15,0.7882166073520321,0.0607241066495999,34.367848722944004,0.00015764,0.7648,19,0.0
gas,shift,device_only,3,0,0.05,0.1,0.0,0.0,-1.0,20,0.5607000000000001,0.4861000000000001,1.0,7.841053839511644e-05,3.6000000000000007e-06,0.012,0.0,0.0,0,0.0
gas,shift,cloud_only,3,0,0.05,0.1,0.0,0.0,-1.0,20,0.6606000000000001,0.0,0.0,1.0,0.0770405279999999,43.59972992,0.0002,1.0,0,0.0
gas,shift,fixed_conf,3,0,0.05,0.1,0.0,0.0,-1.0,20,0.5607000000000001,0.4861000000000001,1.0,7.841053839511644e-05,3.6000000000000007e-06,0.012,0.0,0.0,0,0.0
gas,shift,entropy,3,0,0.05,0.1,0.0,0.0,-1.0,20,0.5607000000000001,0.4861000000000001,1.0,7.841053839511644e-05,3.6000000000000007e-06,0.012,0.0,0.0,0,0.0
gas,shift,learned_router,3,0,0.05,0.1,0.0,0.0,-1.0,20,0.5607000000000001,0.4861000000000001,1.0,7.841053839511644e-05,3.6000000000000007e-06,0.012,0.0,0.0,0,0.0
gas,shift,cost_static,3,0,0.05,0.1,0.0,0.0,-1.0,20,0.5607000000000001,0.4861000000000001,1.0,7.841053839511644e-05,3.6000000000000007e-06,0.012,0.0,0.0,0,0.0
gas,shift,offline_crc,3,0,0.05,0.1,0.0,0.0,-1.0,20,0.5767999999999999,0.4609,1.0,0.1199430992962877,0.018047077056,0.6138701759999999,0.0,0.0,0,0.0
gas,shift,online_naive,3,0,0.05,0.1,0.1,0.0,-1.0,20,0.6593000000000001,0.0462999999999999,0.35,0.8542002579724401,0.0701276808192,34.976850426368,0.00015908,0.7716999999999999,19,0.0
gas,shift,online_ipw,3,0,0.05,0.1,0.1,0.0,-1.0,20,0.6574000000000001,0.0263,0.15,0.9119780831020452,0.0741515562239999,37.71982051328,0.0001718,0.8431000000000001,19,0.0
gas,shift,codec,3,0,0.05,0.1,0.1,0.0,-1.0,20,0.6573000000000001,0.029,0.15,0.900939935374063,0.073886144256,36.931624588800005,0.000168,0.8218,19,0.0
gas,shift,codec_no_explore,3,0,0.05,0.1,0.0,0.0,-1.0,20,0.648,0.0299,0.3,0.908828670058084,0.0769989145343999,35.960783696896,0.00016276,0.8138000000000002,1,0.0
gas,shift,codec_no_aci,3,0,0.05,0.1,0.1,0.0,-1.0,20,0.6544000000000001,0.0228,0.1,0.9181513342342962,0.0747134117759999,37.94365231488,0.0001728,0.8512000000000001,19,0.0
gas,shift,codec_bonferroni,3,0,0.05,0.1,0.1,0.0,-1.0,20,0.6607000000000001,0.0229,0.15,0.8203297072234346,0.0656169439871999,34.498243019008,0.00015748,0.7642,18,0.0
gas,shift,codec_rawconf,3,0,0.05,0.1,0.1,0.0,-1.0,20,0.6606000000000001,0.0,0.0,1.0,0.0770405279999999,43.59972992,0.0002,1.0,19,0.0
gas,shift,codec_two_tier,3,0,0.05,0.1,0.1,0.0,-1.0,20,0.6664,0.0355,0.15,0.8023155017634407,0.0618103273343999,34.98243571481599,0.00016046,0.7791,19,0.0
gas,shift,device_only,3,1,0.05,0.1,0.0,0.0,-1.0,20,0.5607000000000001,0.4861000000000001,1.0,7.841053839511644e-05,3.6000000000000007e-06,0.012,0.0,0.0,0,0.0
gas,shift,cloud_only,3,1,0.05,0.1,0.0,0.0,-1.0,20,0.6606000000000001,0.0,0.0,1.0,0.0770405279999999,43.59972992,0.0002,1.0,0,0.0
gas,shift,fixed_conf,3,1,0.05,0.1,0.0,0.0,-1.0,20,0.5607000000000001,0.4861000000000001,1.0,7.841053839511644e-05,3.6000000000000007e-06,0.012,0.0,0.0,0,0.0
gas,shift,entropy,3,1,0.05,0.1,0.0,0.0,-1.0,20,0.5607000000000001,0.4861000000000001,1.0,7.841053839511644e-05,3.6000000000000007e-06,0.012,0.0,0.0,0,0.0
gas,shift,learned_router,3,1,0.05,0.1,0.0,0.0,-1.0,20,0.5607000000000001,0.4861000000000001,1.0,7.841053839511644e-05,3.6000000000000007e-06,0.012,0.0,0.0,0,0.0
gas,shift,cost_static,3,1,0.05,0.1,0.0,0.0,-1.0,20,0.5607000000000001,0.4861000000000001,1.0,7.841053839511644e-05,3.6000000000000007e-06,0.012,0.0,0.0,0,0.0
gas,shift,offline_crc,3,1,0.05,0.1,0.0,0.0,-1.0,20,0.5767999999999999,0.4609,1.0,0.1199430992962877,0.018047077056,0.6138701759999999,0.0,0.0,0,0.0
gas,shift,online_naive,3,1,0.05,0.1,0.1,0.0,-1.0,20,0.6598000000000002,0.0445,0.3,0.8585783440739396,0.0707499814271999,35.018117315328,0.00015918,0.7703,19,0.0
gas,shift,online_ipw,3,1,0.05,0.1,0.1,0.0,-1.0,20,0.6567000000000001,0.0281,0.2,0.9094932918095668,0.0741963704063999,37.487512564736,0.00017066,0.8374,19,0.0
gas,shift,codec,3,1,0.05,0.1,0.1,0.0,-1.0,20,0.6555000000000002,0.0357,0.3,0.8930381261467195,0.0738136151423999,36.305731126016006,0.00016496,0.8053999999999999,19,0.0
gas,shift,codec_no_explore,3,1,0.05,0.1,0.0,0.0,-1.0,20,0.648,0.0299,0.3,0.908828670058084,0.0769989145343999,35.960783696896,0.00016276,0.8138000000000002,1,0.0
gas,shift,codec_no_aci,3,1,0.05,0.1,0.1,0.0,-1.0,20,0.6561000000000001,0.0203,0.1,0.9199712645071998,0.0747448746623999,38.080061327616,0.00017346,0.8502000000000001,19,0.0
gas,shift,codec_bonferroni,3,1,0.05,0.1,0.1,0.0,-1.0,20,0.6578,0.0287,0.2,0.810107440638536,0.0652906399871999,33.810561027328006,0.00015418,0.7463,18,0.0
gas,shift,codec_rawconf,3,1,0.05,0.1,0.1,0.0,-1.0,20,0.6606000000000001,0.0,0.0,1.0,0.0770405279999999,43.59972992,0.0002,1.0,19,0.0
gas,shift,codec_two_tier,3,1,0.05,0.1,0.1,0.0,-1.0,20,0.6653,0.0317,0.15,0.8100148980022951,0.0624035116799999,35.31806123519999,0.000162,0.7877,19,0.0
gas,shift,device_only,3,2,0.05,0.1,0.0,0.0,-1.0,20,0.5607000000000001,0.4861000000000001,1.0,7.841053839511644e-05,3.6000000000000007e-06,0.012,0.0,0.0,0,0.0
gas,shift,cloud_only,3,2,0.05,0.1,0.0,0.0,-1.0,20,0.6606000000000001,0.0,0.0,1.0,0.0770405279999999,43.59972992,0.0002,1.0,0,0.0
gas,shift,fixed_conf,3,2,0.05,0.1,0.0,0.0,-1.0,20,0.5607000000000001,0.4861000000000001,1.0,7.841053839511644e-05,3.6000000000000007e-06,0.012,0.0,0.0,0,0.0
gas,shift,entropy,3,2,0.05,0.1,0.0,0.0,-1.0,20,0.5607000000000001,0.4861000000000001,1.0,7.841053839511644e-05,3.6000000000000007e-06,0.012,0.0,0.0,0,0.0
gas,shift,learned_router,3,2,0.05,0.1,0.0,0.0,-1.0,20,0.5607000000000001,0.4861000000000001,1.0,7.841053839511644e-05,3.6000000000000007e-06,0.012,0.0,0.0,0,0.0
gas,shift,cost_static,3,2,0.05,0.1,0.0,0.0,-1.0,20,0.5607000000000001,0.4861000000000001,1.0,7.841053839511644e-05,3.6000000000000007e-06,0.012,0.0,0.0,0,0.0
gas,shift,offline_crc,3,2,0.05,0.1,0.0,0.0,-1.0,20,0.5767999999999999,0.4609,1.0,0.1199430992962877,0.018047077056,0.6138701759999999,0.0,0.0,0,0.0
gas,shift,online_naive,3,2,0.05,0.1,0.1,0.0,-1.0,20,0.6598000000000002,0.0445,0.3,0.8563522538547135,0.0706647267839999,34.8758121856,0.0001585,0.7703,19,0.0
gas,shift,online_ipw,3,2,0.05,0.1,0.1,0.0,-1.0,20,0.654,0.0219,0.15,0.9237936680191268,0.0751218639359999,38.20338512639999,0.000174,0.8551,19,0.0
gas,shift,codec,3,2,0.05,0.1,0.1,0.0,-1.0,20,0.6593000000000001,0.0334,0.25,0.8888894834355435,0.0734977413887999,36.122918884352,0.00016412,0.8009000000000001,19,0.0
gas,shift,codec_no_explore,3,2,0.05,0.1,0.0,0.0,-1.0,20,0.648,0.0299,0.3,0.908828670058084,0.0769989145343999,35.960783696896,0.00016276,0.8138000000000002,1,0.0
gas,shift,codec_no_aci,3,2,0.05,0.1,0.1,0.0,-1.0,20,0.6568000000000002,0.0299,0.25,0.9007405173460914,0.0740545304063999,36.826492694016,0.00016746,0.8172,19,0.0
gas,shift,codec_bonferroni,3,2,0.05,0.1,0.1,0.0,-1.0,20,0.6580000000000001,0.0293,0.2,0.8230347556351807,0.0662078487551999,34.415408542208,0.00015698,0.7613,19,0.0
gas,shift,codec_rawconf,3,2,0.05,0.1,0.1,0.0,-1.0,20,0.6606000000000001,0.0,0.0,1.0,0.0770405279999999,43.59972992,0.0002,1.0,19,0.0
gas,shift,codec_two_tier,3,2,0.05,0.1,0.1,0.0,-1.0,20,0.6691,0.0223,0.15,0.8168143648106341,0.0629273627903999,35.614457798656,0.00016336,0.7984,19,0.0
gas,shift,device_only,3,3,0.05,0.1,0.0,0.0,-1.0,20,0.5607000000000001,0.4861000000000001,1.0,7.841053839511644e-05,3.6000000000000007e-06,0.012,0.0,0.0,0,0.0
gas,shift,cloud_only,3,3,0.05,0.1,0.0,0.0,-1.0,20,0.6606000000000001,0.0,0.0,1.0,0.0770405279999999,43.59972992,0.0002,1.0,0,0.0
gas,shift,fixed_conf,3,3,0.05,0.1,0.0,0.0,-1.0,20,0.5607000000000001,0.4861000000000001,1.0,7.841053839511644e-05,3.6000000000000007e-06,0.012,0.0,0.0,0,0.0
gas,shift,entropy,3,3,0.05,0.1,0.0,0.0,-1.0,20,0.5607000000000001,0.4861000000000001,1.0,7.841053839511644e-05,3.6000000000000007e-06,0.012,0.0,0.0,0,0.0
gas,shift,learned_router,3,3,0.05,0.1,0.0,0.0,-1.0,20,0.5607000000000001,0.4861000000000001,1.0,7.841053839511644e-05,3.6000000000000007e-06,0.012,0.0,0.0,0,0.0
gas,shift,cost_static,3,3,0.05,0.1,0.0,0.0,-1.0,20,0.5607000000000001,0.4861000000000001,1.0,7.841053839511644e-05,3.6000000000000007e-06,0.012,0.0,0.0,0,0.0
gas,shift,offline_crc,3,3,0.05,0.1,0.0,0.0,-1.0,20,0.5767999999999999,0.4609,1.0,0.1199430992962877,0.018047077056,0.6138701759999999,0.0,0.0,0,0.0
gas,shift,online_naive,3,3,0.05,0.1,0.1,0.0,-1.0,20,0.6598000000000002,0.0445,0.3,0.8544981706790994,0.0701431329023999,34.993773070336005,0.00015916,0.7747999999999999,19,0.0
gas,shift,online_ipw,3,3,0.05,0.1,0.1,0.0,-1.0,20,0.6540000000000001,0.027,0.2,0.9068368426917864,0.0741492096,37.28905286912,0.0001697,0.8362,19,0.0
gas,shift,codec,3,3,0.05,0.1,0.1,0.0,-1.0,20,0.6568000000000002,0.0387,0.3,0.87341489775112,0.0722117834111999,35.497567519487994,0.00016128,0.7850999999999999,19,0.0
gas,shift,codec_no_explore,3,3,0.05,0.1,0.0,0.0,-1.0,20,0.648,0.0299,0.3,0.908828670058084,0.0769989145343999,35.960783696896,0.00016276,0.8138000000000002,1,0.0
gas,shift,codec_no_aci,3,3,0.05,0.1,0.1,0.0,-1.0,20,0.6542000000000001,0.0197,0.1,0.9270099272668386,0.0754296540672,38.312095262208,0.00017448,0.8571,19,0.0
gas,shift,codec_bonferroni,3,3,0.05,0.1,0.1,0.0,-1.0,20,0.656,0.0323,0.25,0.8073226728692193,0.0653123430911999,33.565176759808,0.00015298,0.7412,18,0.0
gas,shift,codec_rawconf,3,3,0.05,0.1,0.1,0.0,-1.0,20,0.6606000000000001,0.0,0.0,1.0,0.0770405279999999,43.59972992,0.0002,1.0,19,0.0
gas,shift,codec_two_tier,3,3,0.05,0.1,0.1,0.0,-1.0,20,0.6669,0.0365,0.2,0.7993157369950559,0.0615792165503999,34.851672525056,0.00015986,0.7767999999999999,19,0.0
gas,shift,device_only,3,4,0.05,0.1,0.0,0.0,-1.0,20,0.5607000000000001,0.4861000000000001,1.0,7.841053839511644e-05,3.6000000000000007e-06,0.012,0.0,0.0,0,0.0
gas,shift,cloud_only,3,4,0.05,0.1,0.0,0.0,-1.0,20,0.6606000000000001,0.0,0.0,1.0,0.0770405279999999,43.59972992,0.0002,1.0,0,0.0
gas,shift,fixed_conf,3,4,0.05,0.1,0.0,0.0,-1.0,20,0.5607000000000001,0.4861000000000001,1.0,7.841053839511644e-05,3.6000000000000007e-06,0.012,0.0,0.0,0,0.0
gas,shift,entropy,3,4,0.05,0.1,0.0,0.0,-1.0,20,0.5607000000000001,0.4861000000000001,1.0,7.841053839511644e-05,3.6000000000000007e-06,0.012,0.0,0.0,0,0.0
gas,shift,learned_router,3,4,0.05,0.1,0.0,0.0,-1.0,20,0.5607000000000001,0.4861000000000001,1.0,7.841053839511644e-05,3.6000000000000007e-06,0.012,0.0,0.0,0,0.0
gas,shift,cost_static,3,4,0.05,0.1,0.0,0.0,-1.0,20,0.5607000000000001,0.4861000000000001,1.0,7.841053839511644e-05,3.6000000000000007e-06,0.012,0.0,0.0,0,0.0
gas,shift,offline_crc,3,4,0.05,0.1,0.0,0.0,-1.0,20,0.5767999999999999,0.4609,1.0,0.1199430992962877,0.018047077056,0.6138701759999999,0.0,0.0,0,0.0
gas,shift,online_naive,3,4,0.05,0.1,0.1,0.0,-1.0,20,0.6593000000000001,0.0462999999999999,0.35,0.8555363727116301,0.070725618816,34.7752982528,0.000158,0.7672,19,0.0
gas,shift,online_ipw,3,4,0.05,0.1,0.1,0.0,-1.0,20,0.6548,0.024,0.15,0.9168653162693308,0.0744830831999999,37.95647833984,0.0001729,0.8484,19,0.0
gas,shift,codec,3,4,0.05,0.1,0.1,0.0,-1.0,20,0.6554000000000001,0.0329999999999999,0.2,0.897597987534915,0.0738386705663999,36.67572920729601,0.00016676,0.8151999999999999,19,0.0
gas,shift,codec_no_explore,3,4,0.05,0.1,0.0,0.0,-1.0,20,0.648,0.0299,0.3,0.908828670058084,0.0769989145343999,35.960783696896,0.00016276,0.8138000000000002,1,0.0
gas,shift,codec_no_aci,3,4,0.05,0.1,0.1,0.0,-1.0,20,0.6574000000000001,0.0179,0.05,0.9217625033870958,0.0753966267647999,37.888507820032,0.00017242,0.8483,19,0.0
gas,shift,codec_bonferroni,3,4,0.05,0.1,0.1,0.0,-1.0,20,0.6631000000000001,0.0305,0.2,0.7945199138841696,0.0637672308095999,33.300343188224005,0.00015194,0.7316,18,0.0
gas,shift,codec_rawconf,3,4,0.05,0.1,0.1,0.0,-1.0,20,0.6606000000000001,0.0,0.0,1.0,0.0770405279999999,43.59972992,0.0002,1.0,19,0.0
gas,shift,codec_two_tier,3,4,0.05,0.1,0.1,0.0,-1.0,20,0.6661,0.0368,0.2,0.7980158389287558,0.0614790685439999,34.79500847615999,0.0001596,0.7751,19,0.0
rtiot,iid,device_only,0,0,0.05,0.1,0.0,0.0,-1.0,30,0.8544666666666667,0.1356,1.0,6.517400479534896e-05,2.664e-06,0.0088799999999999,0.0,0.0,0,0.0
rtiot,iid,cloud_only,0,0,0.05,0.1,0.0,0.0,-1.0,30,0.9841333333333334,0.0,0.0,1.0,0.05661348,42.64511167999999,0.0001999999999999,1.0,0,0.0
rtiot,iid,fixed_conf,0,0,0.05,0.1,0.0,0.0,-1.0,30,0.9496,0.0434,0.1333333333333333,0.1185578560784455,0.013185591488,0.4488612479999999,0.0,0.0,0,0.0
rtiot,iid,entropy,0,0,0.05,0.1,0.0,0.0,-1.0,30,0.9499333333333332,0.0430666666666666,0.1333333333333333,0.1142305912266832,0.0127041607552,0.4327934591999999,0.0,0.0,0,0.0
rtiot,iid,learned_router,0,0,0.05,0.1,0.0,0.0,-1.0,30,0.9517333333333334,0.0376,0.0666666666666666,0.1091194282765546,0.0110755568256,1.168927393792,3.880000000000001e-06,0.0194,0,0.0
rtiot,iid,cost_static,0,0,0.05,0.1,0.0,0.0,-1.0,30,0.955,0.0371333333333333,0.0333333333333333,0.1206199477400054,0.012249417664,1.2868823185066665,4.266666666666667e-06,0.0213333333333333,0,0.0
rtiot,iid,offline_crc,0,0,0.05,0.1,0.0,0.0,-1.0,30,0.957,0.0313333333333333,0.0,0.1257125603271915,0.012251413568,1.707999624533333,6.333333333333334e-06,0.0316666666666666,0,0.0
rtiot,iid,online_naive,0,0,0.05,0.1,0.1,0.0,-1.0,30,0.9702666666666664,0.0198666666666666,0.0,0.4748658308783952,0.0372332689791999,12.880602870272002,5.7080000000000016e-05,0.2069999999999999,29,0.0
rtiot,iid,online_ipw,0,0,0.05,0.1,0.1,0.0,-1.0,30,0.9824,0.0034666666666666,0.0,0.6223444525667785,0.0498091485567999,16.15803564356267,7.110666666666666e-05,0.2815333333333333,29,0.0
rtiot,iid,codec,0,0,0.05,0.1,0.1,0.0,-1.0,30,0.9589333333333332,0.0316666666666666,0.0333333333333333,0.3001461367191031,0.0215246890112,9.574676743850668,4.342666666666668e-05,0.1308666666666666,29,0.0
rtiot,iid,codec_no_explore,0,0,0.05,0.1,0.0,0.0,-1.0,30,0.9762,0.0096666666666666,0.0,0.3869732893432066,0.0219072757376,16.506259244714666,7.73866666666667e-05,0.3869333333333333,1,0.0
rtiot,iid,codec_no_aci,0,0,0.05,0.1,0.1,0.0,-1.0,30,0.975,0.0131999999999999,0.0,0.5500318000830301,0.0417639896704,15.889527829162668,7.110666666666669e-05,0.2858666666666666,29,0.0
rtiot,iid,codec_bonferroni,0,0,0.05,0.1,0.1,0.0,-1.0,30,0.9702666666666668,0.0182,0.0,0.335364652568873,0.0255412790144,9.635386438826668,4.306666666666666e-05,0.1247333333333333,28,0.0
rtiot,iid,codec_rawconf,0,0,0.05,0.1,0.1,0.0,-1.0,30,0.9596666666666668,0.0282666666666666,0.1333333333333333,0.3433210449842793,0.0220700680319999,12.768415970645332,5.901333333333334e-05,0.2170666666666666,29,0.0
rtiot,iid,codec_two_tier,0,0,0.05,0.1,0.1,0.0,-1.0,30,0.9617333333333332,0.0258,0.0,0.3629081911975886,0.0205448420992,15.480147268949334,7.257333333333336e-05,0.2933333333333334,29,0.0
rtiot,iid,device_only,0,1,0.05,0.1,0.0,0.0,-1.0,30,0.8544666666666667,0.1356,1.0,6.517400479534896e-05,2.664e-06,0.0088799999999999,0.0,0.0,0,0.0
rtiot,iid,cloud_only,0,1,0.05,0.1,0.0,0.0,-1.0,30,0.9841333333333334,0.0,0.0,1.0,0.05661348,42.64511167999999,0.0001999999999999,1.0,0,0.0
rtiot,iid,fixed_conf,0,1,0.05,0.1,0.0,0.0,-1.0,30,0.9496,0.0434,0.1333333333333333,0.1185578560784455,0.013185591488,0.4488612479999999,0.0,0.0,0,0.0
rtiot,iid,entropy,0,1,0.05,0.1,0.0,0.0,-1.0,30,0.9499333333333332,0.0430666666666666,0.1333333333333333,0.1142305912266832,0.0127041607552,0.4327934591999999,0.0,0.0,0,0.0
rtiot,iid,learned_router,0,1,0.05,0.1,0.0,0.0,-1.0,30,0.9517333333333334,0.0376,0.0666666666666666,0.1091194282765546,0.0110755568256,1.168927393792,3.880000000000001e-06,0.0194,0,0.0
rtiot,iid,cost_static,0,1,0.05,0.1,0.0,0.0,-1.0,30,0.955,0.0371333333333333,0.0333333333333333,0.1206199477400054,0.012249417664,1.2868823185066665,4.266666666666667e-06,0.0213333333333333,0,0.0
rtiot,iid,offline_crc,0,1,0.05,0.1,0.0,0.0,-1.0,30,0.957,0.0313333333333333,0.0,0.1257125603271915,0.012251413568,1.707999624533333,6.333333333333334e-06,0.0316666666666666,0,0.0
rtiot,iid,online_naive,0,1,0.05,0.1,0.1,0.0,-1.0,30,0.9718,0.018,0.0,0.4947802285767,0.0384216711808,13.686306502656,6.0840000000000014e-05,0.2291999999999999,29,0.0
rtiot,iid,online_ipw,0,1,0.05,0.1,0.1,0.0,-1.0,30,0.9811333333333332,0.0054666666666666,0.0,0.6197249626418151,0.048548818112,16.838549332821334,7.465333333333337e-05,0.3057333333333333,29,0.0
rtiot,iid,codec,0,1,0.05,0.1,0.1,0.0,-1.0,30,0.9602,0.0299333333333333,0.0333333333333333,0.339181169127374,0.0254340848767999,10.028411413845332,4.501333333333335e-05,0.1343333333333333,29,0.0
rtiot,iid,codec_no_explore,0,1,0.05,0.1,0.0,0.0,-1.0,30,0.9762,0.0096666666666666,0.0,0.3869732893432066,0.0219072757376,16.506259244714666,7.73866666666667e-05,0.3869333333333333,1,0.0
rtiot,iid,codec_no_aci,0,1,0.05,0.1,0.1,0.0,-1.0,30,0.9732666666666668,0.0138,0.0,0.4842631537823111,0.0351680957312,15.131531042986667,6.846666666666667e-05,0.2687999999999999,29,0.0
rtiot,iid,codec_bonferroni,0,1,0.05,0.1,0.1,0.0,-1.0,30,0.9706666666666666,0.0181333333333333,0.0,0.3384098359252798,0.0252426382464,10.100799093760005,4.54e-05,0.1431333333333333,28,0.0
rtiot,iid,codec_rawconf,0,1,0.05,0.1,0.1,0.0,-1.0,30,0.9617333333333332,0.0258,0.0666666666666666,0.3558084193259511,0.0224722424704,13.51799817233067,6.262666666666667e-05,0.2363333333333333,29,0.0
rtiot,iid,codec_two_tier,0,1,0.05,0.1,0.1,0.0,-1.0,30,0.9606,0.0269333333333333,0.0,0.3560419720590882,0.020156114496,15.18737847808,7.12e-05,0.2852666666666667,29,0.0
rtiot,iid,device_only,1,0,0.05,0.1,0.0,0.0,-1.0,30,0.8532666666666667,0.1448666666666666,1.0,6.517400479534896e-05,2.664e-06,0.0088799999999999,0.0,0.0,0,0.0
rtiot,iid,cloud_only,1,0,0.05,0.1,0.0,0.0,-1.0,30,0.9836666666666664,0.0,0.0,1.0,0.05661348,42.64511167999999,0.0001999999999999,1.0,0,0.0
rtiot,iid,fixed_conf,1,0,0.05,0.1,0.0,0.0,-1.0,30,0.9462,0.0522,0.6,0.1177803006753945,0.0130990844032,0.4459740671999999,0.0,0.0,0,0.0
rtiot,iid,entropy,1,0,0.05,0.1,0.0,0.0,-1.0,30,0.9638,0.035,0.1,0.5071665238207022,0.0564203279999999,1.891824,0.0,0.0,0,0.0
rtiot,iid,learned_router,1,0,0.05,0.1,0.0,0.0,-1.0,30,0.9444,0.0504,0.5333333333333333,0.1154432730655066,0.0115277866367999,1.3714560691199995,4.800000000000001e-06,0.024,0,0.0
rtiot,iid,cost_static,1,0,0.05,0.1,0.0,0.0,-1.0,30,0.9488,0.0466666666666666,0.2666666666666666,0.1203066900658605,0.0120506547072,1.4024891127466668,4.866666666666668e-06,0.0243333333333333,0,0.0
rtiot,iid,offline_crc,1,0,0.05,0.1,0.0,0.0,-1.0,30,0.9500666666666666,0.0409333333333333,0.0333333333333333,0.1265821029958769,0.0120531141759999,1.9214143092053333,7.413333333333334e-06,0.0370666666666666,0,0.0
rtiot,iid,online_naive,1,0,0.05,0.1,0.1,0.0,-1.0,30,0.9773333333333336,0.0107999999999999,0.0,0.5196177273559162,0.0380378730879999,16.020515265024006,7.236000000000002e-05,0.2901333333333333,29,0.0
rtiot,iid,online_ipw,1,0,0.05,0.1,0.1,0.0,-1.0,30,0.9823333333333334,0.0030666666666666,0.0,0.6064820265432636,0.0462049208448,17.409554579455996,7.784000000000001e-05,0.3219333333333333,29,0.0
rtiot,iid,codec,1,0,0.05,0.1,0.1,0.0,-1.0,30,0.9598666666666666,0.0309333333333333,0.2,0.3406377132382404,0.0256070604159999,10.026035117909334,4.497333333333335e-05,0.1393333333333333,29,0.0
rtiot,iid,codec_no_explore,1,0,0.05,0.1,0.0,0.0,-1.0,30,0.9826,0.0014666666666666,0.0,0.5414965511203322,0.0306555338367999,23.09497824699734,0.0001082933333333,0.5414666666666667,1,0.0
rtiot,iid,codec_no_aci,1,0,0.05,0.1,0.1,0.0,-1.0,30,0.9799333333333332,0.0077333333333333,0.0,0.5517846755710348,0.0398682250879999,17.385502326784,7.876e-05,0.3233333333333333,29,0.0
rtiot,iid,codec_bonferroni,1,0,0.05,0.1,0.1,0.0,-1.0,30,0.9683333333333332,0.0191333333333333,0.0,0.338531588446979,0.0257224207488,9.769105494357335,4.369333333333334e-05,0.1319999999999999,28,0.0
rtiot,iid,codec_rawconf,1,0,0.05,0.1,0.1,0.0,-1.0,30,0.9608666666666666,0.0303333333333333,0.0666666666666666,0.3746219812342294,0.0265723532928,12.158072394751995,5.528e-05,0.1924666666666666,29,0.0
rtiot,iid,codec_two_tier,1,0,0.05,0.1,0.1,0.0,-1.0,30,0.9605333333333332,0.0274666666666666,0.0,0.3784405121613809,0.0214241967744,16.142430067712,7.568000000000001e-05,0.3132666666666666,29,0.0
rtiot,iid,device_only,1,1,0.05,0.1,0.0,0.0,-1.0,30,0.8532666666666667,0.1448666666666666,1.0,6.517400479534896e-05,2.664e-06,0.0088799999999999,0.0,0.0,0,0.0
rtiot,iid,cloud_only,1,1,0.05,0.1,0.0,0.0,-1.0,30,0.9836666666666664,0.0,0.0,1.0,0.05661348,42.64511167999999,0.0001999999999999,1.0,0,0.0
rtiot,iid,fixed_conf,1,1,0.05,0.1,0.0,0.0,-1.0,30,0.9462,0.0522,0.6,0.1177803006753945,0.0130990844032,0.4459740671999999,0.0,0.0,0,0.0
rtiot,iid,entropy,1,1,0.05,0.1,0.0,0.0,-1.0,30,0.9638,0.035,0.1,0.5071665238207022,0.0564203279999999,1.891824,0.0,0.0,0,0.0
rtiot,iid,learned_router,1,1,0.05,0.1,0.0,0.0,-1.0,30,0.9444,0.0504,0.5333333333333333,0.1154432730655066,0.0115277866367999,1.3714560691199995,4.800000000000001e-06,0.024,0,0.0
rtiot,iid,cost_static,1,1,0.05,0.1,0.0,0.0,-1.0,30,0.9488,0.0466666666666666,0.2666666666666666,0.1203066900658605,0.0120506547072,1.4024891127466668,4.866666666666668e-06,0.0243333333333333,0,0.0
rtiot,iid,offline_crc,1,1,0.05,0.1,0.0,0.0,-1.0,30,0.9500666666666666,0.0409333333333333,0.0333333333333333,0.1265821029958769,0.0120531141759999,1.9214143092053333,7.413333333333334e-06,0.0370666666666666,0,0.0
rtiot,iid,online_naive,1,1,0.05,0.1,0.1,0.0,-1.0,30,0.9757333333333332,0.0130666666666666,0.0,0.5133322874586398,0.0381253599616,15.436680632832005,6.948000000000002e-05,0.2746666666666666,29,0.0
rtiot,iid,online_ipw,1,1,0.05,0.1,0.1,0.0,-1.0,30,0.9822666666666664,0.0034,0.0,0.6032234190452386,0.0452741575807999,17.802257430528,7.992000000000002e-05,0.3356666666666667,29,0.0
rtiot,iid,codec,1,1,0.05,0.1,0.1,0.0,-1.0,30,0.9623333333333332,0.0280666666666666,0.1333333333333333,0.3535574020238864,0.026159321408,10.704565699925332,4.8213333333333335e-05,0.1612666666666666,29,0.0
rtiot,iid,codec_no_explore,1,1,0.05,0.1,0.0,0.0,-1.0,30,0.9826,0.0014666666666666,0.0,0.5414965511203322,0.0306555338367999,23.09497824699734,0.0001082933333333,0.5414666666666667,1,0.0
rtiot,iid,codec_no_aci,1,1,0.05,0.1,0.1,0.0,-1.0,30,0.982,0.0046666666666666,0.0,0.5917899564606649,0.0428110357888,18.608331684352,8.428000000000001e-05,0.3550666666666667,29,0.0
rtiot,iid,codec_bonferroni,1,1,0.05,0.1,0.1,0.0,-1.0,30,0.9685333333333332,0.0198,0.0,0.3487454698629824,0.0270044672384,9.703235654144002,4.315999999999999e-05,0.1275333333333333,28,0.0
rtiot,iid,codec_rawconf,1,1,0.05,0.1,0.1,0.0,-1.0,30,0.9645333333333336,0.0272,0.0,0.4649640607936036,0.0383462708095999,11.266144097109333,4.897333333333335e-05,0.1586666666666666,29,0.0
rtiot,iid,codec_two_tier,1,1,0.05,0.1,0.1,0.0,-1.0,30,0.9606666666666666,0.0269333333333333,0.0,0.3857067052302794,0.021835568704,16.452253351253333,7.713333333333336e-05,0.3166,29,0.0
rtiot,priorshift,device_only,0,0,0.05,0.1,0.0,0.0,-1.0,12,0.8051666666666667,0.1803333333333333,1.0,6.517400479534898e-05,2.664e-06,0.0088799999999999,0.0,0.0,0,0.0
rtiot,priorshift,cloud_only,0,0,0.05,0.1,0.0,0.0,-1.0,12,0.9778333333333332,0.0,0.0,1.0,0.05661348,42.64511168000001,0.0002,1.0,0,0.0
rtiot,priorshift,fixed_conf,0,0,0.05,0.1,0.0,0.0,-1.0,12,0.935,0.054,0.5,0.159548548521898,0.017746019328,0.6010658879999998,0.0,0.0,0,0.0
rtiot,priorshift,entropy,0,0,0.05,0.1,0.0,0.0,-1.0,12,0.9363333333333334,0.0526666666666666,0.4166666666666667,0.1549001194819189,0.017228857408,0.5838055679999998,0.0,0.0,0,0.0
rtiot,priorshift,learned_router,0,0,0.05,0.1,0.0,0.0,-1.0,12,0.9336666666666668,0.0516666666666666,0.4166666666666667,0.1430454597708146,0.014853646848,1.2923049911466664,3.866666666666667e-06,0.0193333333333333,0,0.0
rtiot,priorshift,cost_static,0,0,0.05,0.1,0.0,0.0,-1.0,12,0.9386666666666666,0.0491666666666666,0.4166666666666667,0.1616214397279714,0.016528755136,1.64023089152,5.3e-06,0.0265,0,0.0
rtiot,priorshift,offline_crc,0,0,0.05,0.1,0.0,0.0,-1.0,12,0.9409999999999998,0.0435,0.3333333333333333,0.1660569410135851,0.016530493504,2.0070104806399995,7.1e-06,0.0355,0,0.0
rtiot,priorshift,online_naive,0,0,0.05,0.1,0.1,0.0,-1.0,12,0.9666666666666668,0.0148333333333333,0.0833333333333333,0.6470817813762878,0.0507783132159999,17.52008684245333,7.763333333333334e-05,0.313,11,0.0
rtiot,priorshift,online_ipw,0,0,0.05,0.1,0.1,0.0,-1.0,12,0.976,0.003,0.0,0.694603846350459,0.0490354119679999,22.704677611946668,0.0001033666666666,0.4606666666666667,11,0.0
rtiot,priorshift,codec,0,0,0.05,0.1,0.1,0.0,-1.0,12,0.9563333333333331,0.026,0.25,0.479934524517579,0.036817361536,13.59744861226667,6.066666666666668e-05,0.2291666666666666,11,0.0
rtiot,priorshift,codec_no_explore,0,0,0.05,0.1,0.0,0.0,-1.0,12,0.9654999999999996,0.019,0.0833333333333333,0.5999834951678032,0.0564567049599999,9.567026513066669,3.766666666666668e-05,0.1883333333333333,1,0.0
rtiot,priorshift,codec_no_aci,0,0,0.05,0.1,0.1,0.0,-1.0,12,0.9661666666666666,0.0155,0.0833333333333333,0.6337709161187121,0.0494613216,17.353891619413336,7.703333333333334e-05,0.3211666666666666,11,0.0
rtiot,priorshift,codec_bonferroni,0,0,0.05,0.1,0.1,0.0,-1.0,12,0.9668333333333332,0.0148333333333333,0.0,0.4552341903494166,0.03398736512,13.564117519786668,6.096666666666669e-05,0.2239999999999999,10,0.0
rtiot,priorshift,codec_rawconf,0,0,0.05,0.1,0.1,0.0,-1.0,12,0.9676666666666666,0.0148333333333333,0.0,0.7125138055620762,0.0565008079999999,18.87236053333333,8.333333333333337e-05,0.3538333333333334,11,0.0
rtiot,priorshift,codec_two_tier,0,0,0.05,0.1,0.1,0.0,-1.0,12,0.9631666666666666,0.0171666666666666,0.0,0.5583621185187847,0.0316103696,23.814109354666662,0.0001116666666666,0.5081666666666668,11,0.0
rtiot,priorshift,device_only,0,1,0.05,0.1,0.0,0.0,-1.0,12,0.8051666666666667,0.1803333333333333,1.0,6.517400479534898e-05,2.664e-06,0.0088799999999999,0.0,0.0,0,0.0
rtiot,priorshift,cloud_only,0,1,0.05,0.1,0.0,0.0,-1.0,12,0.9778333333333332,0.0,0.0,1.0,0.05661348,42.64511168000001,0.0002,1.0,0,0.0
rtiot,priorshift,fixed_conf,0,1,0.05,0.1,0.0,0.0,-1.0,12,0.935,0.054,0.5,0.159548548521898,0.017746019328,0.6010658879999998,0.0,0.0,0,0.0
rtiot,priorshift,entropy,0,1,0.05,0.1,0.0,0.0,-1.0,12,0.9363333333333334,0.0526666666666666,0.4166666666666667,0.1549001194819189,0.017228857408,0.5838055679999998,0.0,0.0,0,0.0
rtiot,priorshift,learned_router,0,1,0.05,0.1,0.0,0.0,-1.0,12,0.9336666666666668,0.0516666666666666,0.4166666666666667,0.1430454597708146,0.014853646848,1.2923049911466664,3.866666666666667e-06,0.0193333333333333,0,0.0
rtiot,priorshift,cost_static,0,1,0.05,0.1,0.0,0.0,-1.0,12,0.9386666666666666,0.0491666666666666,0.4166666666666667,0.1616214397279714,0.016528755136,1.64023089152,5.3e-06,0.0265,0,0.0
rtiot,priorshift,offline_crc,0,1,0.05,0.1,0.0,0.0,-1.0,12,0.9409999999999998,0.0435,0.3333333333333333,0.1660569410135851,0.016530493504,2.0070104806399995,7.1e-06,0.0355,0,0.0
rtiot,priorshift,online_naive,0,1,0.05,0.1,0.1,0.0,-1.0,12,0.9666666666666668,0.0148333333333333,0.0833333333333333,0.642697505277158,0.050654787264,17.24431854592,7.630000000000003e-05,0.313,11,0.0
rtiot,priorshift,online_ipw,0,1,0.05,0.1,0.1,0.0,-1.0,12,0.9731666666666666,0.0063333333333333,0.0,0.6657096716768939,0.0461850322559999,22.337900355413336,0.0001020333333333,0.4536666666666666,11,0.0
rtiot,priorshift,codec,0,1,0.05,0.1,0.1,0.0,-1.0,12,0.9666666666666668,0.0146666666666666,0.1666666666666666,0.6047541768904797,0.0464516069119999,17.090454788693332,7.623333333333333e-05,0.315,11,0.0
rtiot,priorshift,codec_no_explore,0,1,0.05,0.1,0.0,0.0,-1.0,12,0.9654999999999996,0.019,0.0833333333333333,0.5999834951678032,0.0564567049599999,9.567026513066669,3.766666666666668e-05,0.1883333333333333,1,0.0
rtiot,priorshift,codec_no_aci,0,1,0.05,0.1,0.1,0.0,-1.0,12,0.9683333333333332,0.0126666666666666,0.0833333333333333,0.6255247195367654,0.046094324352,19.0683345344,8.600000000000002e-05,0.3643333333333334,11,0.0
rtiot,priorshift,codec_bonferroni,0,1,0.05,0.1,0.1,0.0,-1.0,12,0.9693333333333336,0.0116666666666666,0.0,0.4894150788115901,0.0366336807679999,14.51491331968,6.520000000000003e-05,0.2566666666666666,10,0.0
rtiot,priorshift,codec_rawconf,0,1,0.05,0.1,0.1,0.0,-1.0,12,0.9658333333333332,0.0163333333333333,0.0833333333333333,0.7109531662208418,0.0565001963519999,18.74330845568,8.270000000000005e-05,0.3513333333333333,11,0.0
rtiot,priorshift,codec_two_tier,0,1,0.05,0.1,0.1,0.0,-1.0,12,0.9608333333333334,0.0205,0.0833333333333333,0.555362314040799,0.031440537152,23.686200659626667,0.0001110666666666,0.5025000000000001,11,0.0
rtiot,priorshift,device_only,1,0,0.05,0.1,0.0,0.0,-1.0,12,0.8088333333333332,0.1923333333333333,1.0,6.517400479534898e-05,2.664e-06,0.0088799999999999,0.0,0.0,0,0.0
rtiot,priorshift,cloud_only,1,0,0.05,0.1,0.0,0.0,-1.0,12,0.9745,0.0,0.0,1.0,0.05661348,42.64511168000001,0.0002,1.0,0,0.0
rtiot,priorshift,fixed_conf,1,0,0.05,0.1,0.0,0.0,-1.0,12,0.931,0.0651666666666666,0.75,0.1554917377233707,0.017294678016,0.5860023359999998,0.0,0.0,0,0.0
rtiot,priorshift,entropy,1,0,0.05,0.1,0.0,0.0,-1.0,12,0.9553333333333334,0.0398333333333333,0.25,0.5071665238207022,0.0564203279999999,1.891824,0.0,0.0,0,0.0
rtiot,priorshift,learned_router,1,0,0.05,0.1,0.0,0.0,-1.0,12,0.9278333333333334,0.0631666666666666,0.6666666666666666,0.15338525357625,0.015466737536,1.7134442133333332,5.833333333333333e-06,0.0291666666666666,0,0.0
rtiot,priorshift,cost_static,1,0,0.05,0.1,0.0,0.0,-1.0,12,0.9333333333333332,0.0586666666666666,0.5833333333333334,0.158291989249016,0.016030849792,1.7186892241066662,5.766666666666668e-06,0.0288333333333333,0,0.0
rtiot,priorshift,offline_crc,1,0,0.05,0.1,0.0,0.0,-1.0,12,0.9333333333333336,0.0533333333333333,0.4166666666666667,0.1640417131377744,0.016033103232,2.19414424704,8.1e-06,0.0405,0,0.0
rtiot,priorshift,online_naive,1,0,0.05,0.1,0.1,0.0,-1.0,12,0.9695,0.01,0.0,0.629618394326891,0.05057470272,16.216183547306667,7.126666666666667e-05,0.2911666666666667,11,0.0
rtiot,priorshift,online_ipw,1,0,0.05,0.1,0.1,0.0,-1.0,12,0.9728333333333332,0.005,0.0,0.681046969548012,0.0541928695679999,17.905693538986668,7.896666666666668e-05,0.3324999999999999,11,0.0
rtiot,priorshift,codec,1,0,0.05,0.1,0.1,0.0,-1.0,12,0.97,0.0111666666666666,0.0,0.6034999022752882,0.0489528572799999,15.204503558826666,6.656666666666667e-05,0.2563333333333333,11,0.0
rtiot,priorshift,codec_no_explore,1,0,0.05,0.1,0.0,0.0,-1.0,12,0.9751666666666666,0.0015,0.0,0.6370622149773134,0.0462487632639999,19.91559033045333,9.013333333333336e-05,0.4506666666666667,1,0.0
rtiot,priorshift,codec_no_aci,1,0,0.05,0.1,0.1,0.0,-1.0,12,0.9686666666666666,0.0103333333333333,0.0,0.6611677638107961,0.051589638336,18.11082951936,8.040000000000002e-05,0.3414999999999999,11,0.0
rtiot,priorshift,codec_bonferroni,1,0,0.05,0.1,0.1,0.0,-1.0,12,0.9713333333333332,0.0085,0.0,0.4967360443075244,0.037001972992,14.859970971733333,6.683333333333335e-05,0.2613333333333333,10,0.0
rtiot,priorshift,codec_rawconf,1,0,0.05,0.1,0.1,0.0,-1.0,12,0.9671666666666668,0.0173333333333333,0.0,0.6505130903924948,0.0529721959039999,16.2418709504,7.100000000000002e-05,0.2826666666666667,11,0.0
rtiot,priorshift,codec_two_tier,1,0,0.05,0.1,0.1,0.0,-1.0,12,0.9608333333333332,0.0185,0.0,0.5630284810400957,0.031874553408,24.01307843584,0.0001126,0.5146666666666667,11,0.0
rtiot,priorshift,device_only,1,1,0.05,0.1,0.0,0.0,-1.0,12,0.8088333333333332,0.1923333333333333,1.0,6.517400479534898e-05,2.664e-06,0.0088799999999999,0.0,0.0,0,0.0
rtiot,priorshift,cloud_only,1,1,0.05,0.1,0.0,0.0,-1.0,12,0.9745,0.0,0.0,1.0,0.05661348,42.64511168000001,0.0002,1.0,0,0.0
rtiot,priorshift,fixed_conf,1,1,0.05,0.1,0.0,0.0,-1.0,12,0.931,0.0651666666666666,0.75,0.1554917377233707,0.017294678016,0.5860023359999998,0.0,0.0,0,0.0
rtiot,priorshift,entropy,1,1,0.05,0.1,0.0,0.0,-1.0,12,0.9553333333333334,0.0398333333333333,0.25,0.5071665238207022,0.0564203279999999,1.891824,0.0,0.0,0,0.0
rtiot,priorshift,learned_router,1,1,0.05,0.1,0.0,0.0,-1.0,12,0.9278333333333334,0.0631666666666666,0.6666666666666666,0.15338525357625,0.015466737536,1.7134442133333332,5.833333333333333e-06,0.0291666666666666,0,0.0
rtiot,priorshift,cost_static,1,1,0.05,0.1,0.0,0.0,-1.0,12,0.9333333333333332,0.0586666666666666,0.5833333333333334,0.158291989249016,0.016030849792,1.7186892241066662,5.766666666666668e-06,0.0288333333333333,0,0.0
rtiot,priorshift,offline_crc,1,1,0.05,0.1,0.0,0.0,-1.0,12,0.9333333333333336,0.0533333333333333,0.4166666666666667,0.1640417131377744,0.016033103232,2.19414424704,8.1e-06,0.0405,0,0.0
rtiot,priorshift,online_naive,1,1,0.05,0.1,0.1,0.0,-1.0,12,0.9705,0.0088333333333333,0.0,0.6258797341917807,0.0491115455359999,16.948331683840003,7.510000000000002e-05,0.3003333333333333,11,0.0
rtiot,priorshift,online_ipw,1,1,0.05,0.1,0.1,0.0,-1.0,12,0.9741666666666666,0.0031666666666666,0.0,0.7082708166132337,0.0536975688959999,20.51733409834667,9.186666666666669e-05,0.3998333333333333,11,0.0
rtiot,priorshift,codec,1,1,0.05,0.1,0.1,0.0,-1.0,12,0.9701666666666666,0.0105,0.0,0.6063155120247538,0.048073197696,16.064784217173337,7.093333333333335e-05,0.287,11,0.0
rtiot,priorshift,codec_no_explore,1,1,0.05,0.1,0.0,0.0,-1.0,12,0.9751666666666666,0.0015,0.0,0.6370622149773134,0.0462487632639999,19.91559033045333,9.013333333333336e-05,0.4506666666666667,1,0.0
rtiot,priorshift,codec_no_aci,1,1,0.05,0.1,0.1,0.0,-1.0,12,0.9703333333333332,0.0106666666666666,0.0,0.6067260093096644,0.04871987616,15.638151908693336,6.873333333333336e-05,0.2751666666666666,11,0.0
rtiot,priorshift,codec_bonferroni,1,1,0.05,0.1,0.1,0.0,-1.0,12,0.971,0.0078333333333333,0.0,0.5059955505174912,0.0395073439359999,13.843423212373336,6.143333333333334e-05,0.2334999999999999,10,0.0
rtiot,priorshift,codec_rawconf,1,1,0.05,0.1,0.1,0.0,-1.0,12,0.968,0.0158333333333333,0.0,0.6495060216296812,0.0528874728319999,16.218669890559998,7.09e-05,0.2856666666666667,11,0.0
rtiot,priorshift,codec_two_tier,1,1,0.05,0.1,0.1,0.0,-1.0,12,0.9613333333333332,0.0171666666666666,0.0,0.5691947458003993,0.03222365344,24.27600186453333,0.0001138333333333,0.5251666666666667,11,0.0
